ADA,24430
ADAŠEVCI,22244
ADORJAN,24425
ADRANI,36203
ADROVAC,34210
ADŽINE LIVADE,34202
AKMAČIĆI,31320
ALABANA,18425
ALAKINCE,17530
ALDINA REKA,19353
ALDINAC,19350
ALEKSA ŠANTIĆ,25212
ALEKSANDROVAC,37230
ALEKSANDROVAC (BABUŠNICA),18330
ALEKSANDROVAC (NEGOTIN),19314
ALEKSANDROVAC (VRANJE),17521
ALEKSANDROVAC (ŽABARI),12370
ALEKSANDROVO,18252
ALEKSANDROVO,23217
ALEKSANDROVO,23219
ALEKSINAC,18220
ALEKSINAČKI BUJMIR,18220
ALEKSINAČKI RUDNIK,18226
ALEKSINE,16212
ALIBUNAR,26310
ALIĐERCE,17523
ALIN POTOK,31310
ALIVEROVIĆE,36312
ALULOVIĆE,36305
ALJINOVIĆI,31307
ALJUDOVO,12304
AMAJIĆ,15318
AMERIĆ,11406
AMZIĆI,31318
APATIN,25260
ARADAC,23207
ARANĐELOVAC,34300
ARAPOVAC,11562
ARAPOVIĆE,36307
ARBANASCE,18253
ARBANAŠKA,18409
ARILJE,31230
ARNAJEVO,11461
ASANOVAC,18406
AŠANJA,22418
ATENICA,32104
AZANJA,11423
AZBRESNICA,18258
BA,14245
BABAJIĆ,14240
BABE,11233
BABICA,18436
BABIČKO,16252
BABIN KAL,18310
BABIN POTOK,18400
BABINA LUKA,14201
BABINA POLJANA,17561
BABOTINAC,18404
BABUŠNICA,18330
BACE,18424
BACIJEVCE,17530
BAČ,21420
BAČEVCI,14203
BAČEVCI,31258
BAČEVICA,19370
BAČEVINA,16233
BAČEVO,18320
BAČIJA,36310
BAČINA,37265
BAČINAC,11407
BAČINCI,22225
BAČKA PALANKA,21400
BAČKA TOPOLA,24300
BAČKI BREG,25275
BAČKI BRESTOVAC,25242
BAČKI GRAČAC,25252
BAČKI JARAK,21234
BAČKI MONOŠTOR,25272
BAČKI PETROVAC,21470
BAČKI SOKOLAC,24343
BAČKI VINOGRADI,24415
BAČKO DOBRO POLJE,21465
BAČKO DUŠANOVO,24220
BAČKO GRADIŠTE,21217
BAČKO NOVO SELO,21429
BAČKO PETROVO SELO,21226
BAČVIŠTE,17512
BAĆEVAC,11460
BAĆICA,36307
BAĆOGLAVA,18430
BADANJ,36350
BADINCE,16000
BADLJEVICA,11432
BADNJEVAC,18414
BADNJEVAC,34226
BADOVINCI,15358
BAGAČIĆE,36310
BAGRDAN,35204
BAGREMOVO,24312
BAJČETINA,34230
BAJČINCE,18405
BAJEVAC,14223
BAJEVICA,36306
BAJINA BAŠTA,31250
BAJMOK,24210
BAJŠA,24331
BAKIONICA,31210
BALAJNAC,18257
BALAJNAC,35223
BALANOVAC,19367
BALČAK,18400
BALIČEVAC,18252
BALIĆI,31305
BALIĆI,31306
BALINAC,19350
BALINOVAC,18405
BALINOVCE,17510
BALINOVIĆ,14206
BALOSAVE,34230
BALTA BERILOVAC,19353
BALJEN,36307
BALJEVAC (OBRENOVAC),11506
BALJEVAC (RAŠKA),36344
BALJEVAC (SELO, RAŠKA)
BALJKOVAC,34000
BANATSKA DUBICA,23251
BANATSKA PALANKA,26324
BANATSKA SUBOTICA,26327
BANATSKA TOPOLA,23315
BANATSKI BRESTOVAC,26234
BANATSKI DESPOTOVAC,23242
BANATSKI DVOR,23213
BANATSKI KARLOVAC,26320
BANATSKI MONOŠTOR,23328
BANATSKI SOKOLAC,26373
BANATSKO ARANĐELOVO,23332
BANATSKO KARAĐORĐEVO,23216
BANATSKO NOVO SELO,26314
BANATSKO VELIKO SELO,23312
BANATSKO VIŠNJIĆEVO,23231
BANCAREVO,18206
BANIČINA,11420
BANKOVAC,18212
BANOŠTOR,21313
BANOVO POLJE,15362
BANJA,31330
BANJA,31337
BANJA,34304
BANJA,36300
BANJA KOVILJAČA,15316
BANJA VRUJCI,14243
BANJANI,14214
BANJEVAC,15314
BANJICA,32222
BANJSKI DOL,18326
BANJSKI OREŠAC,19368
BAPSKO POLJE,36202
BARAJEVO,11460
BARALJEVAC,17524
BARANDA,26205
BARBACE,17525
BARBARUŠINCE,17508
BARBATOVAC,18426
BARE,12227
BARE,31305
BARE,34205
BARE,35237
BARE,35260
BARE,36300
BARE,36315
BARE,36342
BARELIĆ,17508
BARICE,26367
BARIČ,11504
BARIČ,12222
BARJE,16204
BARJE,17544
BARJE,18320
BARJE ČIFLIK,18300
BARLOVO,18432
BAROŠEVAC,11565
BARZILOVICA,11561
BASARA,18307
BASTAV,14254
BAŠAID,23316
BAŠČELUCI,15300
BAŠIN,11420
BATAJNICA,11273
BATALAGE,15221
BATINAC,35230
BATKOVIĆI,31335
BATNJIK,36300
BATOČINA,34227
BATOTE,37224
BATOVAC,12207
BATRAGE,36320
BATROVCI,22251
BATULOVCE,16210
BATUŠA,12311
BATUŠINAC,18251
BAVANIŠTE,26222
BAZOVIK,18355
BEČANJ,32213
BEČEJ,21220
BEČEVICA,34243
BEČMEN,11279
BEDINA VAROŠ,32250
BEGALJICA,11308
BEGEČ,21411
BEGEJCI,23232
BEGOVO BRDO,37208
BEKOVA,36305
BELA,18300
BELA CRKVA (ŠABAC),15313
BELA CRKVA (VRŠAC),26340
BELA PALANKA,18310
BELA REKA,15305
BELA STENA,36344
BELA VODA,18400
BELA VODA,37253
BELA ZEMLJA,31311
BELA ZEMLJA,31312
BELANOVCE,16000
BELANOVCE,17512
BELANOVICA,14246
BELASICA,37204
BELE VODE,18330
BELE VODE,32259
BELE VODE,36314
BELEGIŠ,22306
BELEŠ,18325
BELI BREG,17501
BELI BREG,18223
BELI KAMEN,18407
BELI KAMEN,32235
BELI POTOK,11223
BELI POTOK,11225
BELI POTOK,11226
BELI POTOK,16203
BELI POTOK,18230
BELI POTOK,19366
BELICA,35273
BELIĆ,14203
BELIŠEVO,17512
BELO BLATO,23205
BELO POLJE,11500
BELO POLJE,17530
BELO POLJE,18322
BELO POLJE,18430
BELO POLJE,32315
BELO POLJE,36350
BELO POLJE,37226
BELOGOŠ,18404
BELOINJE,18360
BELOLJIN,18424
BELOSAVCI,34312
BELOŠEVAC,14104
BELOŠEVAC,34000
BELOŠEVAC,34208
BELOTIĆ,14254
BELOTIĆ,15226
BELOTIĆ,15350
BELOTINAC,18411
BELUĆE,11408
BELUŠIĆ,35263
BELUT,17540
BELJA,18228
BELJAJKA,35213
BELJEVAC,11400
BELJIN,15214
BELJINA,11461
BELJINA,32102
BEOCI,36346
BEOCI,36350
BEOČIĆ,35263
BEOČIN,21300
BEOGRAD,11000
BEOGRAD-ČUKARICA,11030
BEOGRAD-ČUKARICA,11147
BEOGRAD-ČUKARICA,11250
BEOGRAD-ČUKARICA,11251
BEOGRAD-KALUĐERICA,11130
BEOGRAD-NOVI BEOGRAD,11070
BEOGRAD-NOVI BEOGRAD,11073
BEOGRAD-NOVI BEOGRAD,11077
BEOGRAD-PALILULA,11060
BEOGRAD-PALILULA,11108
BEOGRAD-PALILULA,11120
BEOGRAD-PALILULA,11158
BEOGRAD-PALILULA,11160
BEOGRAD-RAKOVICA,11030
BEOGRAD-RAKOVICA,11040
BEOGRAD-RAKOVICA,11090
BEOGRAD-RAKOVICA,11194
BEOGRAD-RAKOVICA,11222
BEOGRAD-RAKOVICA,11231
BEOGRAD-SAVSKI VENAC,11000
BEOGRAD-SAVSKI VENAC,11030
BEOGRAD-SAVSKI VENAC,11040
BEOGRAD-STARI GRAD,11000
BEOGRAD-STARI GRAD,11103
BEOGRAD-STARI GRAD,11108
BEOGRAD-STARI GRAD,11158
BEOGRAD-VOŽDOVAC,11010
BEOGRAD-VOŽDOVAC,11040
BEOGRAD-VOŽDOVAC,11050
BEOGRAD-VOŽDOVAC,11090
BEOGRAD-VOŽDOVAC,11118
BEOGRAD-VOŽDOVAC,11221
BEOGRAD-VOŽDOVAC,11222
BEOGRAD-VOŽDOVAC,11226
BEOGRAD-VRAČAR,11000
BEOGRAD-VRAČAR,11050
BEOGRAD-VRAČAR,11111
BEOGRAD-VRAČAR,11118
BEOGRAD-VRAČAR,11120
BEOGRAD-ZEMUN,11070
BEOGRAD-ZEMUN,11077
BEOGRAD-ZEMUN,11080
BEOGRAD-ZEMUN,11185
BEOGRAD-ZEMUN,11186
BEOGRAD-ZEMUN,11277
BEOGRAD-ZEMUN,11283
BEOGRAD-ZVEZDARA,11050
BEOGRAD-ZVEZDARA,11060
BEOGRAD-ZVEZDARA,11118
BEOGRAD-ZVEZDARA,11120
BEOGRAD-ZVEZDARA,11126
BEOGRAD-ZVEZDARA,11160
BEOMUŽEVIĆ,14255
BERANJE,12227
BERBATOVO,18106
BERČEVAC,17523
BERČINAC,18202
BERČINOVAC,19350
BERDUJ,18217
BERILOVAC,18300
BERILJE,18400
BERIN IZVOR,18333
BERKASOVO,22242
BERKOVAC,14243
BERLOVINE,15320
BEROVICA,18300
BERŠIĆI,32304
BESEROVINA,31256
BEŠENOVAČKI PRNJAVOR,22212
BEŠENOVO,22212
BEŠKA,22324
BEZDAN,25270
BEŽIŠTE,18310
BIGRENICA,35238
BIKIĆ DO,22254
BIKINJE,12222
BIKOVO,24106
BIKOVO,24206
BIKOVO,24207
BILO,18320
BILJAČA,17522
BILJANOVAC,36344
BILJEG,18252
BINGULA,22253
BINIĆE,36346
BINOVAC,11431
BINOVCE,17530
BIOC,36313
BIOČIN,36350
BIOHANE,36320
BIOSKA,31241
BISKUPIĆI,31300
BISKUPLJE,12226
BISTAR,17546
BISTRICA,11550
BISTRICA,12306
BISTRICA,16220
BISTRICA,31325
BITVRĐA,17530
BIVOLJE,37000
BJELAHOVA,31305
BJELOPERICA,31260
BJELOTIĆI,31203
BJELUŠA,31234
BLACA,36321
BLACE,18420
BLAGOJEV KAMEN,12256
BLATO,18300
BLATO,36310
BLAZNAVA,34314
BLAŽEVO,37226
BLENDIJA,18230
BLIZNAK,12316
BLIZONJE,14201
BOBIŠTE,16000
BOBOTE,37230
BOBOVA,14255
BOBOVIK,15225
BOBOVIŠTE,18224
BOBOVO,35217
BOČAR,23274
BOĆE,36345
BOĆEVICA,16220
BOĐANI,21427
BOGALINAC,35265
BOGARAŠ,24312
BOGARAŠ,24352
BOGARAŠ,24408
BOGATIĆ (ŠABAC),15350
BOGATIĆ (VALJEVO),14205
BOGAVA,35223
BOGDANICA,32308
BOGDANOVAC,17520
BOGDANOVAC,18217
BOGDANOVICA,14210
BOGDANJE,37240
BOGDINAC,18232
BOGIŠE,37223
BOGOJEVCE,16254
BOGOJEVIĆI,31230
BOGOJEVO,25245
BOGOSAVAC,15235
BOGOŠEVO,17512
BOGOŠTICA,15314
BOGOVAĐA,14225
BOGOVINA,19372
BOGUJEVAC,18407
BOGUJEVAC,18432
BOGUNOVAC,16240
BOGUTI,36311
BOGUTOVAC,36341
BOJANIĆI,36342
BOJIĆ,15233
BOJIN DEL,17501
BOJINCE,37204
BOJIŠINA,16220
BOJNIK,16205
BOKA,23252
BOLEČ,11307
BOLJARE,16210
BOLJARE,36313
BOLJETIN,19220
BOLJEV DOL,18324
BOLJEVAC (KRUŠEVAC),37205
BOLJEVAC (ZAJEČAR),19370
BOLJEVAC SELO,19370
BOLJEVCI,11275
BOLJKOVCI,32312
BOR,19210
BORAČ,34243
BORANCI,37226
BORCI,34215
BORČA,11211
BORČA,11212
BORIN DO,16212
BORINCE,16233
BORIŠIĆE,36315
BOROŠTICA,36320
BOROVAC,16240
BOROVAC,17520
BOROVAC,19347
BOROVIĆE,36310
BOROVIĆE,36350
BOROVO,36342
BORSKO JEZERO,19216
BOSILEGRAD,17540
BOSILEGRAD,17544
BOSUT,22217
BOSUTA,34309
BOŠNJACE,16232
BOŠNJAK,12300
BOŠNJANE,34210
BOŠNJANE,35254
BOŠNJANE,37262
BOŠNJANOVIĆ,14240
BOTOŠ,23243
BOTUNJA,37220
BOTUNJE,34224
BOTURIĆI,37238
BOTUROVINA,36305
BOVAN,18227
BOVAN,37201
BOVANJ,36320
BOZOLJIN,37226
BOŽDAREVAC,11460
BOŽETIĆI,31322
BOŽEVAC,12313
BOŽICA,17537
BOŽINOVAC,19366
BOŽINJEVAC,17520
BOŽOV POTOK,36310
BOŽUREVAC,37246
BOŽURNJA,34310
BRAĆAK,36320
BRAĆEVAC,19315
BRAĆEVCI,18324
BRADARAC,12206
BRADARAC,18224
BRADIĆ,15308
BRAJIĆI,32308
BRAJINOVAC,35263
BRAJKOVAC,11561
BRAJKOVAC,31305
BRAJKOVAC,37253
BRAJKOVIĆI,31260
BRALJINA,37215
BRALJINA,37215
BRANČIĆ,14240
BRANEŠCI,31244
BRANEŠCI,31310
BRANGOVIĆ,14203
BRANIČEVO,12222
BRANKOVCI,17540
BRANKOVINA,14201
BRASINA,15317
BRATAČIĆ,14253
BRATIĆI,37230
BRATINAC,12206
BRATIŠEVAC,18330
BRATLJEVO,32256
BRATMILOVCE,16000
BRATOSELCE,17522
BRDARICA,15226
BRDO,31320
BRĐANI,32303
BRĐANI,36300
BRĐANI,37224
BREBEVNICA,18323
BREGOVI,36320
BREGOVINA,18407
BREJANOVCE,16251
BREKOVO,31234
BRENICA,18204
BRESJE,35000
BRESJE,35208
BRESNICA,15220
BRESNICA,17501
BRESNICA,17540
BRESNICA,32213
BRESNIČIĆ,18423
BRESNIK,18424
BRESNIK,36341
BRESNO POLJE,37242
BREST,18252
BRESTAČ,22414
BRESTOV DOL,18217
BRESTOVAC (DONJI MILANOVAC),19229
BRESTOVAC (KRAGUJEVAC),34243
BRESTOVAC (LESKOVAC),16253
BRESTOVAC (NEGOTIN),19306
BRESTOVAČKA BANJA,19216
BRESTOVIK,11306
BRESTOVO,17510
BRESTOVO,35223
BRESTOVO,36300
BREZA,36310
BREZJAK,15309
BREZNA,31337
BREZNA,32307
BREZNA,36103
BREZNICA,12316
BREZNICA,17529
BREZOVA,32253
BREZOVA,36343
BREZOVAC,34304
BREZOVICA,14214
BREZOVICA,16210
BREZOVICA,32234
BREZOVICA,32313
BREZOVICA,37240
BREZOVICE,14206
BREŽANE,12000
BREŽANI,18420
BREŽĐE,14244
BRGULE,14212
BRGULICE,11509
BRIČEVLJE,16222
BRLOG,18306
BRNIŠEVO,36307
BRNJAC,15311
BRNJARE,17524
BRNJICA,12223
BRNJICA,34244
BRNJICA,36312
BROD,16215
BRODAREVO,31305
BRODICA,12256
BROVIĆ,11507
BRŠTICA,15314
BRUS,37220
BRUSNICA,32300
BRUSNIK,19313
BRUSNIK,32254
BRVENICA,36346
BRVENIK,36346
BRVENIK NASELJE,36346
BRVINE,31305
BRZA,16203
BRZA PALANKA,19323
BRZAN,34228
BRZEĆE,37225
BRZI BROD,18110
BRZOHODE,12374
BUAR,31102
BUBANJ,18254
BUBLICA,18407
BUBUŠINAC,12206
BUCELJEVO,17540
BUCI,37209
BUČIĆ,18253
BUČINCE,18400
BUČJE,19226
BUČJE,19369
BUČJE,31335
BUČJE,37243
BUČUM,18368
BUDILOVINA,37227
BUDISAVA,21242
BUDIŠIĆ,15318
BUDOŽELJA,32250
BUĐANOVCI,22421
BUĐEVO,36313
BUJAČIĆ,14104
BUJANOVAC,17520
BUJANOVAC,17521
BUJIĆ,17523
BUJKOVAC,17542
BUJKOVIĆE,36320
BUKAREVAC,17523
BUKOR,15233
BUKOROVAC,34217
BUKOVA GLAVA,16204
BUKOVAC,14202
BUKOVAC,17523
BUKOVAC,21209
BUKOVAC,35213
BUKOVČE,19316
BUKOVČE,35000
BUKOVICA,32250
BUKOVICA,36202
BUKOVICA,37209
BUKOVIK,31305
BUKOVIK,31322
BUKOVIK,34301
BUKOVO,19370
BUKOVSKA,12240
BUKOVSKA,12242
BUKOVSKA REKA,12242
BUKULORAM,18423
BUKUROVAC,18310
BULATOVAC,18404
BULINOVAC,19368
BULJANE,35254
BUMBAREVO BRDO,34240
BUNAR,35273
BUNUŠKI ČIFLUK,16203
BURAĐA,31318
BURDIMO,18368
BUROVAC,12307
BUROVO,11550
BUSENJE,23230
BUSILOVAC,35249
BUSUR,12309
BUŠTRANJE,17521
BUŠTRANJE,17522
BUŠTRANJE,17524
BUTKOVO,32255
BUVCE,16230
BZENICE,37238
BZOVIK,36222
CAKANOVAC,17523
CAPARIĆ,15324
CAREVAC,12253
CARIČINA,36310
CARINA,14207
CEKAVICA,16232
CEREMOŠNJA,12240
CEREV DEL,18300
CEREVAJKA,17523
CERJE,18204
CERJE,31254
CERJE,36342
CERNICA,37265
CEROVA,15314
CEROVA,18355
CEROVA,31230
CEROVA,32312
CEROVA,37000
CEROVAC,11420
CEROVAC,15224
CEROVAC,34321
CEROVICA,12240
CEROVICA,18232
CEROVO,37215
CETANOVIĆE,36312
CIKOT,35260
CIKOTE,15311
CIKOTE,31262
COKOVIĆE,36300
CRCAVAC,16204
CRČEVO,36312
CREPAJA,26213
CRKOVNICA,16254
CRKVENAC,35210
CRKVENI TOCI,31300
CRKVICE,16205
CRKVINA,37204
CRKVINE,11400
CRKVINE,36321
CRLJENAC,12315
CRNA BARA,15355
CRNA BARA,16210
CRNA BARA,18225
CRNA BARA,23328
CRNA GLAVA,36345
CRNA REKA,17561
CRNA TRAVA,16215
CRNAJKA,19222
CRNATOVO,16210
CRNČA,15319
CRNČE,18314
CRNČE,35203
CRNI KAO,34227
CRNI KAO,37215
CRNI LUG,17521
CRNI VRH,16240
CRNI VRH,19353
CRNOKLIŠTE,18304
CRNOLJEVICA,18360
CRNOMASNICA,19315
CRNOŠTICA,17540
CRNOTINCE,17523
CRNOVCE,17525
CRNUGOVIĆI,31335
CRNUZI,31330
CRVENA CRKVA,26323
CRVENA JABUKA,14210
CRVENA JABUKA,18332
CRVENA REKA,18313
CRVENČEVO,18304
CRVENI BREG,16222
CRVENI BREG,18313
CRVENI GRAD,17561
CRVENKA,25220
CRVENJE,19350
CRVICA,31250
CRVSKO,36315
CULINE,15318
CULJKOVIĆ,15235
CVETANOVAC,14240
CVETKE,36204
CVETOJEVAC,34211
CVETOVAC,11563
CVETULJA,15312
ČAČAK,32000
ČAČAK,32102
ČAČAK,32104
ČADINJE,31303
ČAGROVAC,18240
ČAIRI,37240
ČAJETINA,31310
ČALMA,22231
ČAMURLIJA,18211
ČANTAVIR,24220
ČAPLJINAC,18411
ČAR,17529
ČAROVINA,36307
ČAŠIĆ DOLAC,36306
ČAUŠEVIĆI,31303
ČEČINA,18417
ČEČINA,32254
ČEDOVO,36310
ČEKMIN,16251
ČELAREVO,21413
ČELICE,31325
ČENEJ,21233
ČENTA,23266
ČEPOVO,32253
ČEPURE,35250
ČEREVIĆ,21311
ČESTA,18221
ČESTELIN,17501
ČESTEREG,23215
ČESTIN,34230
ČESTOBRODICA,31213
ČEŠKO SELO,26323
ČEŠLJEVA BARA,12253
ČETEREŽE,12374
ČIBUKOVAC,36000
ČIBUTKOVICA,11561
ČIFLIK,18310
ČIFLUK RAZGOJNSKI,16251
ČINIGLAVCI,18322
ČIPALJE,36310
ČITLUK,15318
ČITLUK,15320
ČITLUK,18232
ČITLUK,31330
ČITLUK,36312
ČITLUK,37208
ČMANJKE,36309
ČOKA,23320
ČOKEŠINA,15306
ČOKONJAR,19223
ČOKOT,18250
ČOKOTAR,37226
ČOKOTIN,16247
ČONOPLJA,25210
ČORTANOVCI,22326
ČUBRA,19300
ČUBURA,18253
ČUBURA,37215
ČUČALE,18420
ČUČUGE,14213
ČUKA,16215
ČUKARKA,17523
ČUKLJENIK,16203
ČUKLJENIK,18206
ČUKOJEVAC,36220
ČUKOTE,36307
ČUKUROVAC,18221
ČUMIĆ,34322
ČUNGULA,18426
ČURUG,21238
ĆELIJE,14224
ĆELIJE,18242
ĆELIJE,37222
ĆENOVAC,16232
ĆIĆEVAC,37210
ĆIĆINA,18224
ĆIRIKOVAC,12000
ĆIRIKOVAC,12206
ĆOVDIN,12309
ĆUKOVAC,16206
ĆUKOVAC,17501
ĆUKOVAC,18400
ĆUKOVINE,15227
ĆULIJE,36320
ĆUPRIJA,35230
ĆURKOVICA,17508
ĆURKOVICA,17530
ĆURLINA,18415
ĆUŠTICA,19353
DABINOVAC,18435
DADINCE,16210
DAJIĆI,32259
DANKOVIĆE,18430
DANJINO SELO,17530
DARKOVCE,16213
DAŠNICA,18212
DAŠNICA,37234
DAVIDOVAC (KLADOVO),19320
DAVIDOVAC (PARAĆIN),35250
DAVIDOVAC (SVRLJIG),18201
DAVIDOVAC (VLADIČIN HAN),17521
DAVIDOVICA,32312
DEBELI LUG,18412
DEBELI LUG,19250
DEBELICA,19340
DEBELJA,31322
DEBELJAČA,26214
DEBRC,15214
DEČ,22441
DEDEVCI,36205
DEDINA,37000
DEDINA BARA,16220
DEDINAC,18432
DEGRMEN,18445
DEGURIĆ,14104
DEJANCE,17525
DEJANOVAC,19350
DEKUTINCE,17512
DELIBLATO,26225
DELIGRAD,18224
DELIMEĐE,36307
DEONICA,35203
DEPCE,17523
DERETIN,32258
DERONJE,25254
DESIĆ,15232
DESIMIROVAC,34321
DESINE,12253
DESPOTOVAC,35213
DESPOTOVO,21468
DEŠILOVO,18253
DEŠIŠKA,18440
DETANE,36320
DEVČA,18253
DEVIĆI,32254
DEVOJAČKI BUNAR,26316
DEVREČ,36320
DEŽEVA,36305
DIĆI,14240
DIKAVA,17530
DIMITROVGRAD,18320
DIVCI,14222
DIVCI,31300
DIVČIBARE,14204
DIVLJANA,18310
DIVOSTIN,34204
DIVOŠ,22232
DLJIN,32240
DOBANOVCI,11271
DOBANOVCI,11272
DOBRA,12224
DOBRA VODA,16244
DOBRA VODA,35218
DOBRAČA,34205
DOBRAČE,31234
DOBRAČE,31236
DOBREJANCE,17507
DOBRI DO,11312
DOBRI DO,18300
DOBRI DO,18408
DOBRI DO,32254
DOBRI DUB,36320
DOBRICA,26354
DOBRIČEVO,26327
DOBRIČEVO,35230
DOBRIĆ,15235
DOBRILOVIĆI,31330
DOBRINCI,22412
DOBRINJE,36320
DOBRNJE,12308
DOBRO POLJE,16215
DOBRO POLJE,19370
DOBRODO,31203
DOBRODOL,22328
DOBROLJUBCI,37235
DOBROMIR,37201
DOBROSELICA,31315
DOBROSELICA,35265
DOBROSIN,17520
DOBROTIĆ,18400
DOBROTIN,16221
DOBROTIN,31254
DOBROVIŠ,16212
DOBROVODICA,34227
DOBRUJEVAC,18225
DOBRUJEVAC,19370
DOGANICA,17546
DOJINOVIĆE,36300
DOJKINCI,18306
DOKMIR,14213
DOL,18217
DOLAC,36305
DOLAC,36343
DOLAC (NASELJE),18314
DOLAC (SELO),18314
DOLIĆE,36313
DOLINE,24207
DOLOVO,26227
DOLOVO,36320
DOLJANE,37233
DOLJANI,36300
DOLJAŠNICA,12253
DOLJEVAC,18410
DOMIŠEVINA,37226
DONJA BADANJA,15234
DONJA BEJAŠNICA,18423
DONJA BELA REKA,19213
DONJA BELA REKA,31209
DONJA BORINA,15317
DONJA BRESNICA,18403
DONJA BUKOVICA,14255
DONJA BUNUŠA,16203
DONJA CRNIŠAVA,37243
DONJA CRNUĆA,32315
DONJA DOBRINJA,31214
DONJA DRAGUŠA,18425
DONJA GLAMA,18310
DONJA GOREVNICA,32210
DONJA GRABOVICA,14000
DONJA GRABOVICA,14106
DONJA JAJINA,16000
DONJA JOŠANICA,18425
DONJA KAMENICA,19352
DONJA KONJUŠA,18424
DONJA KORITNICA,18310
DONJA KRAVARICA,32240
DONJA KRUŠEVICA,12222
DONJA KUPINOVICA,16201
DONJA LAPAŠTICA,16240
DONJA LISINA,17538
DONJA LIVADICA,11320
DONJA LOKOŠNICA,16252
DONJA LOMNICA,16210
DONJA LOPUŠNJA,16210
DONJA LJUBATA,17544
DONJA LJUBOVIĐA,15320
DONJA MIKULJANA,18430
DONJA MUTNICA,35255
DONJA NEVLJA,18320
DONJA OMAŠNICA,37242
DONJA OROVICA,15323
DONJA OTULJA,17501
DONJA PEŠČANICA,18213
DONJA PLANINICA,18320
DONJA POLOŠNICA,31262
DONJA RAČA,34210
DONJA RASOVAČA,18253
DONJA RAŠICA,18420
DONJA REČICA,18404
DONJA RŽANA,17538
DONJA SABANTA,34206
DONJA SIPULJA,15234
DONJA SLATINA,16201
DONJA SOKOLOVICA,19369
DONJA STRAŽAVA,18400
DONJA STUDENA,18206
DONJA ŠATORNJA,34314
DONJA ŠUŠAJA,17523
DONJA TOPLICA,14242
DONJA TOPONICA,18202
DONJA TOPONICA,18423
DONJA TREPČA,32215
DONJA TREŠNJEVICA,34314
DONJA TREŠNJICA,15318
DONJA TREŠNJICA,15321
DONJA TRNAVA,18202
DONJA TRNAVA,18421
DONJA TRNAVA,34324
DONJA TRNICA,17525
DONJA VRBAVA,32315
DONJA ZLEGINJA,37235
DONJE BABINE,31306
DONJE BREZOVICE,15312
DONJE BRIJANJE,16206
DONJE CRNATOVO,18414
DONJE CRNILJEVO,15227
DONJE DRAGOVLJE,18242
DONJE GARE,16212
DONJE GORAČIĆE,36310
DONJE GRBICE,34204
DONJE GRGURE,18426
DONJE JABUKOVO,17510
DONJE JARUŠICE,34215
DONJE KOMARICE,34224
DONJE KONJUVCE,16205
DONJE KORDINCE,18405
DONJE KRAJINCE,16000
DONJE KRNJINO,18330
DONJE LESKOVICE,14205
DONJE LEVIĆE,37226
DONJE LOPIŽE,36310
DONJE MEĐUROVO,18254
DONJE NEDELJICE,15309
DONJE NOVO SELO,17522
DONJE PUNOŠEVCE,17508
DONJE RATAJE,37236
DONJE ROMANOVCE,17530
DONJE SINKOVCE,16000
DONJE STOPANJE,16000
DONJE SUHOTNO,18210
DONJE SVARČE,18425
DONJE ŠTIPLJE,35000
DONJE TLAMINO,17546
DONJE TOČANE,18432
DONJE TREBEŠINJE,17501
DONJE TRNJANE,16231
DONJE VIDOVO,35258
DONJE VLASE,18106
DONJE VRANOVCE,16232
DONJE ZUNIČE,19345
DONJE ŽAPSKO,17521
DONJI ADROVAC,18210
DONJI BANJANI,14240
DONJI BARBEŠ,18241
DONJI BRANETIĆI,32304
DONJI BUČUMET,16240
DONJI BUNIBROD,16211
DONJI DEJAN,16212
DONJI DOBRIĆ,15307
DONJI DRENOVAC,18414
DONJI DUBAC,32234
DONJI DUBIČ,37240
DONJI DUŠNIK,18242
DONJI GAJTAN,16248
DONJI KATUN,37260
DONJI KOZJI DOL,17525
DONJI KRČIN,37258
DONJI KRIVODOL,18324
DONJI KRUPAC,18223
DONJI LAJKOVAC,14225
DONJI LIPOVAC,37224
DONJI LJUBEŠ,18216
DONJI MATEJEVAC,18204
DONJI MILANOVAC,19220
DONJI MUŠIĆ,14242
DONJI NERADOVAC,17501
DONJI PETROVCI,22404
DONJI PRISJAN,16212
DONJI RAČNIK,35204
DONJI RIBNIK,37243
DONJI RINJ,18310
DONJI STAJEVAC,17526
DONJI STATOVAC,18407
DONJI STEPOŠ,37221
DONJI STRANJANI,31305
DONJI STRIŽEVAC,18330
DONJI STUPANJ,37234
DONJI TAOR,14205
DONJI TAVANKUT,24214
DONJI TOVARNIK,22416
DONJI VRATARI,37230
DOROSLOVO,25243
DRAČA,34204
DRAČIĆ,14203
DRAGA,36320
DRAGANIĆI,36350
DRAGI DEO,18407
DRAGIJEVICA,14253
DRAGINAC,15311
DRAGINAC,18330
DRAGINJE,15226
DRAGLICA,31317
DRAGOBRAĆA,34231
DRAGOBUŽDE,17507
DRAGOCVET,35272
DRAGOČEVO,36306
DRAGODOL,14207
DRAGOJEVAC,15213
DRAGOJEVAC,31230
DRAGOJLOVIĆE,36311
DRAGOLJ,32316
DRAGOSINJCI,36212
DRAGOŠEVAC,35262
DRAGOVAC,12000
DRAGOVAC,16205
DRAGOVITA,18326
DRAGOVO,35265
DRAGUŠICA,34240
DRAJINAC,18360
DRAJINCI,17535
DRAKČIĆI,36000
DRAKSIN,31254
DRAMIĆE,36305
DRAŠKOVAC,16253
DRAŽANJ,11430
DRAŽEVAC,11506
DRAŽEVAC,18223
DRAŽEVIĆE,36312
DRAŽEVIĆI,31320
DRAŽEVO,18310
DRAŽINIĆE,36222
DRAŽINOVIĆI,31213
DRAŽMIROVAC,35222
DRĆEVAC,16254
DREČINOVAC,19350
DREN,11508
DREN,11550
DRENCE,16248
DRENČA,37230
DRENOVA,31207
DRENOVA,31300
DRENOVA,32304
DRENOVA,37220
DRENOVAC,15212
DRENOVAC,17507
DRENOVAC,18423
DRENOVAC,19340
DRENOVAC,34113
DRENOVAC,34231
DRENOVAC,35257
DRENOVCI,31265
DREŠNICA,18426
DREŽNICA,17524
DREŽNIK,31206
DRIJETANJ,31311
DRLAČE,15324
DRLUPA,11453
DRLUPA,36207
DRMANOVIĆI,31320
DRMNO,12208
DRTEVCI,37220
DRUGOVAC,11432
DRUŽETIĆ,15220
DRUŽETIĆI,32308
DRUŽINIĆE,36310
DRVNIK,19350
DRVODELJ,16230
DRVODELJA,16204
DRŽANOVAC,18413
DRŽINA,18300
DUB,31253
DUBLJE,15359
DUBLJE,35210
DUBLJE,37240
DUBNICA,17501
DUBNICA,31260
DUBNICA,35217
DUBNICA,36310
DUBOČANE,19224
DUBOČKA,12315
DUBOKA,12255
DUBOKA,35218
DUBOKO,15320
DUBOKO,31102
DUBONA,11433
DUBOVAC,26224
DUBOVO,18406
DUBOVO,36320
DUBRAVA,16244
DUBRAVA,18215
DUBRAVA,18430
DUBRAVA,32252
DUBRAVA,34244
DUBRAVICA,12207
DUČALOVIĆI,32243
DUČEVAC,18330
DUČIĆ,14243
DUČINA,11453
DUDOVICA,11561
DUDULAJCE,18258
DUGA LUKA,17554
DUGA POLJANA,18242
DUGA POLJANA,36312
DUGI DEL,17530
DUGO POLJE,18237
DUGOJNICA,17530
DUJKE,36310
DUKAT,17544
DUKAT,18241
DULAN,17501
DULEBE,36320
DULENE,34206
DUMBIJA,17525
DUNAVAC,11213
DUNIŠIĆE,36310
DUPCI,37223
DUPELJEVO,17507
DUPLJAJ,14222
DUPLJAJA,26328
DUPLJANE,17514
DUPLJANE,19335
DUŠANOVAC,19335
DUŠANOVO,16000
DUŠKOVCI,31213
DUŠMANIĆ,12258
DUŠMANIĆI,31300
DUVANIŠTE,15305
DUŽINE,26371
DVORANE,37206
DVORICA,35205
DVORIŠTE,12223
DVORIŠTE,12257
DVORIŠTE,15233
DVORIŠTE,35215
DVORSKA,15314
DŽEP,17514
DŽEPNICA,18420
DŽIGOLJ,18405
DŽUROVO,31325
ĐAKE,18433
ĐAKOVO,36343
ĐAKUS,18413
ĐALA,23335
ĐERAĆ,32240
ĐEREKARCE,17525
ĐEREKARE,36320
ĐEREKARI,37225
ĐINĐUŠA,16205
ĐORĐEVAC,17529
ĐULEKARE,16240
ĐUNIS,37202
ĐURAKOVO,12221
ĐURAŠIĆI,31300
ĐURĐEVAC,14222
ĐURĐEVO,21239
ĐURĐEVO,34215
ĐURĐIN,24213
ĐUREVAC,18420
ĐURINAC,18360
ĐURINAC,35211
ĐURINCI,11450
ĐURISELO,34231
ĐUROVAC,18400
ĐUŠNICA,18424
EČKA,23203
ELEMIR,23208
ERČEGE,32256
ERDEČ,34207
ERDEVIK,22230
ERVENICE,36320
FARKAŽDIN,23264
FEKETIĆ,24323
FIJULJ,36310
FILIĆ,23330
FILIPOVIĆI,15311
FUTOG,21410
GABROVAC,18106
GABROVNICA,19353
GADŽIN HAN,18240
GAGINCE,16204
GAGLOVO,37201
GAJ,26223
GAJDOBRA,21432
GAKOVO,25282
GALIBABINAC,18201
GALOVIĆ,15227
GALOVIĆI,31260
GAMZIGRAD,19227
GAMZIGRADSKA BANJA,19228
GARAŠI,34309
GARDINOVCI,21247
GARE,17523
GARE,18242
GAREVINA,37234
GAREVO,12253
GARI,37000
GARINJE,17514
GAVEZ,37252
GAZDARE,16248
GEGLJA,16230
GIBARAC,22258
GLASOVIK,18407
GLAŠINCE,18413
GLAVICA,35250
GLAVINCI,35261
GLEDIĆ,36220
GLEĐICA,32256
GLIBOVAC,11420
GLOBARE,37257
GLOBODER,37251
GLOGONJ,26202
GLOGOVAC,15355
GLOGOVAC,18313
GLOGOVAC,19367
GLOGOVAC,35222
GLOGOVICA,18220
GLOGOVICA,19224
GLOGOVIK,36307
GLOŽAN,21412
GLOŽANE,16210
GLOŽANE,35210
GLOŽJE,17540
GLUHAVICA,36321
GLUMAČ,31210
GLUŠCI,15356
GNILA,36320
GNJILAN,18309
GNJILICA,36350
GOČ,36210
GODAČICA,36220
GODEČEVO,31263
GODLJEVO,31262
GODOVIK,31210
GODOVO,36320
GOJAKOVIĆI,31305
GOJIN DOL,18320
GOJINOVAC,18424
GOJMANOVAC,18201
GOJNA GORA,32308
GOKČANICA,36342
GOLA GLAVA,14201
GOLEMA NJIVA,16254
GOLEMI DOL,17523
GOLEMO SELO,17507
GOLEŠ,17546
GOLI RID,16230
GOLICE,36300
GOLOBOK,11316
GOLOČELO,15227
GOLOČELO,34231
GOLOČEVAC,17526
GOLOVO,31208
GOLOVO,31310
GOLUBAC,12223
GOLUBAC,14202
GOLUBAN,36312
GOLUBINCI,22308
GOLUBINJE,19220
GOLUBOVAC,35249
GOLUBOVAC,37242
GOMILICE,15214
GOMILICE,15225
GORAČIĆI,32232
GORČINCI,18330
GORIČANI,32224
GORIĆ,14000
GORIĆ,14106
GORINA,16204
GORJANI,31205
GORNOVAC,17525
GORNJA BADANJA,15234
GORNJA BEJAŠNICA,18423
GORNJA BELA REKA,19343
GORNJA BELA REKA,31209
GORNJA BORINA,15315
GORNJA BRESNICA,18403
GORNJA BUKOVICA,14252
GORNJA BUNUŠA,16203
GORNJA CRNIŠAVA,37243
GORNJA CRNUĆA,32315
GORNJA DOBRINJA,31214
GORNJA DRAGUŠA,18425
GORNJA DRŽINA,18322
GORNJA GLAMA,18310
GORNJA GOREVNICA,32205
GORNJA GRABOVICA,14000
GORNJA JAJINA,16000
GORNJA JOŠANICA,18420
GORNJA KAMENICA,19352
GORNJA KONJUŠA,18424
GORNJA KORITNICA,18310
GORNJA KOVILJAČA,15316
GORNJA KOZNICA,17530
GORNJA KRAVARICA,32230
GORNJA KUPINOVICA,16201
GORNJA LAPAŠTICA,16240
GORNJA LISINA,17538
GORNJA LOKOŠNICA,16252
GORNJA LOMNICA,16210
GORNJA LOPUŠNJA,16210
GORNJA LJUBATA,17544
GORNJA LJUBOVIĐA,15342
GORNJA MIKULJANA,18430
GORNJA MUTNICA,35255
GORNJA NEVLJA,18320
GORNJA OMAŠNICA,37242
GORNJA OROVICA,15323
GORNJA OTULJA,17501
GORNJA PEŠČANICA,18213
GORNJA PLANINICA,18320
GORNJA POLOŠNICA,31263
GORNJA RASOVAČA,18253
GORNJA REČICA,18404
GORNJA ROGATICA,24341
GORNJA RŽANA,17538
GORNJA SABANTA,34206
GORNJA SIPULJA,15234
GORNJA SLATINA,16201
GORNJA SOKOLOVICA,19350
GORNJA STRAŽAVA,18400
GORNJA STUDENA,18206
GORNJA ŠATORNJA,34314
GORNJA ŠUŠAJA,17523
GORNJA TOPLICA,14243
GORNJA TOPONICA,18202
GORNJA TOPONICA,18423
GORNJA TREPČA,32215
GORNJA TREŠNJEVICA,34314
GORNJA TREŠNJICA,15324
GORNJA TRNAVA,18202
GORNJA TRNAVA,18404
GORNJA TRNAVA,34324
GORNJA TRNICA,17525
GORNJA TUŠIMLJA,36305
GORNJA VRANJSKA,15232
GORNJA VRBAVA,32315
GORNJA VREŽINA,18207
GORNJA ZLEGINJA,37235
GORNJANE,19219
GORNJE BABINE,31306
GORNJE BREZOVICE,15312
GORNJE BRIJANJE,16206
GORNJE CRNATOVO,18414
GORNJE CRNILJEVO,14253
GORNJE DRAGOVLJE,18245
GORNJE GARE,16213
GORNJE GORAČIĆE,31307
GORNJE GRBICE,34325
GORNJE GRGURE,18426
GORNJE JABUKOVO,17510
GORNJE JARUŠICE,34322
GORNJE KOMARICE,34224
GORNJE KONJUVCE,16205
GORNJE KORDINCE,18405
GORNJE KOŠLJE,15323
GORNJE KOŠLJE,15324
GORNJE KRAJINCE,16000
GORNJE KRNJINO,18330
GORNJE LESKOVICE,14205
GORNJE LEVIĆE,37225
GORNJE LOPIŽE,36310
GORNJE MEĐUROVO,18411
GORNJE NEDELJICE,15309
GORNJE NOVO SELO,17522
GORNJE PUNOŠEVCE,17508
GORNJE RATAJE,37236
GORNJE ROMANOVCE,17530
GORNJE SINKOVCE,16000
GORNJE STOPANJE,16000
GORNJE SUHOTNO,18210
GORNJE SVARČE,18425
GORNJE ŠTIPLJE,35000
GORNJE TLAMINO,17546
GORNJE TOČANE,18432
GORNJE TREBEŠINJE,17501
GORNJE TRNJANE,16231
GORNJE TRUDOVO,31322
GORNJE VIDOVO,35256
GORNJE VLASE,18240
GORNJE VRANOVCE,16230
GORNJE ZUNIČE,19350
GORNJE ŽAPSKO,17521
GORNJI ADROVAC,18210
GORNJI BANJANI,32304
GORNJI BARBEŠ,18241
GORNJI BRANETIĆI,32304
GORNJI BREG,24406
GORNJI BRESTOVAC,16244
GORNJI BUČUMET,16240
GORNJI BUNIBROD,16211
GORNJI CRNIŠ,36320
GORNJI DEJAN,16212
GORNJI DOBRIĆ,15308
GORNJI DRENOVAC,18414
GORNJI DUBAC,32234
GORNJI DUBIČ,37240
GORNJI DUŠNIK,18242
GORNJI GAJTAN,16248
GORNJI KATUN,37260
GORNJI KOMREN,18106
GORNJI KOZJI DOL,17525
GORNJI KRČIN,37258
GORNJI KRIVODOL,18324
GORNJI KRUPAC,18223
GORNJI LAJKOVAC,14244
GORNJI LIPOVAC,37220
GORNJI LJUBEŠ,18216
GORNJI MATEJEVAC,18204
GORNJI MILANOVAC,32300
GORNJI MUŠIĆ,14242
GORNJI NERADOVAC,17501
GORNJI ORAH,16212
GORNJI PRISJAN,16212
GORNJI RAČNIK,35204
GORNJI RIBNIK,37243
GORNJI RINJ,18310
GORNJI STAJEVAC,17526
GORNJI STATOVAC,18407
GORNJI STEPOŠ,37221
GORNJI STRANJANI,31305
GORNJI STRIŽEVAC,18330
GORNJI STUPANJ,37234
GORNJI TAOR,14205
GORNJI TAVANKUT,24214
GORNJI VRATARI,37230
GOROBILJE,31210
GOROVIČ,34310
GOSPOĐINCE,17523
GOSPOĐINCI,21237
GOSTILJE,31313
GOSTINICA,31204
GOSTIRADIĆE,36346
GOSTUN,31305
GOSTUŠA,18300
GOŠEVO,36314
GOŠEVO,36315
GOTOVAC,36221
GRAB,32230
GRABOVAC,11508
GRABOVAC,18424
GRABOVAC,34230
GRABOVAC,35210
GRABOVAC,37240
GRABOVCI,22423
GRABOVICA,19327
GRABOVICA,32300
GRABOVICA,35212
GRABOVICA,36310
GRABOVNICA,18432
GRABOVO,21313
GRABOVO,37213
GRAČAC,36215
GRAČANE,36300
GRAČANICA,15319
GRAČANICA,31304
GRAD,37227
GRAD STALAĆ,37212
GRADAC,32259
GRADAC,34227
GRADAC,36311
GRADAC,36320
GRADAC,36346
GRADAC,37226
GRADAŠNICA,16201
GRADAŠNICA,18300
GRADINJE,18320
GRADIŠTE,16210
GRADIŠTE,18257
GRADIŠTE,18314
GRADIŠTE,18322
GRADIŠTE,19350
GRADNJA,17507
GRADOJEVIĆ,15227
GRADSKA,16213
GRADSKOVO,19205
GRAĐANOVIĆE,36300
GRAJEVCE,16201
GRAMADA,17520
GRAMAĐE,17512
GRANICA,16205
GRANICE,11400
GRAOVO,16222
GRAPA,18320
GRAŠEVCI,37220
GRBAVCE,16246
GRBAVČE,18201
GRČAC,11420
GRČAK,37238
GRČIĆ,15324
GRDANICA,16252
GRDELICA (SELO),16220
GRDELICA (VAROŠ),16220
GRDICA,36000
GRDOVIĆI,31230
GREBENAC,26347
GREDETIN,18213
GREJAČ,18212
GREVCI,37204
GREZNA,19350
GRGAJE,36315
GRGETEG,22406
GRGUREVCI,22213
GRGUROVCE,16230
GRIVAC,34205
GRIVSKA,31233
GRKINJA,18240
GRKLJANE,37222
GRLIŠTE,19342
GRLJAN,19341
GRNČAR,18217
GRNČARA,15300
GRNČARA,15309
GROBNICE,31305
GROCKA,11306
GROŠNICA,34113
GROŠNICA,34202
GROZNATOVCI,17535
GRUBETIĆE,36306
GRUDAŠ,18414
GRUJINCI,17540
GRUŠIĆ,15232
GRUŽA,34230
GUBAVCE,16247
GUBEREVAC,11460
GUBEREVAC,16211
GUBEREVAC,34232
GUBEREVCI,32232
GUBETIN,18423
GUBIN DO,31204
GUCEVIĆE,36307
GUČA,32230
GUČA (SELO),32230
GUDURICA,26335
GUGALJ,31215
GUJIĆE,36307
GUKOŠ,14240
GULENOVCI,18323
GULIJAN,18208
GUMERIŠTE,17501
GUNAROŠ,24312
GUNCATI,11460
GUNCATI,34240
GUNJACI,14207
GUNJETINA,16210
GUNJEVAC,14210
GUNJICA,14243
GURDIJELJE,36307
GURGUTOVO,16240
GURIŠEVCI,34318
GUŠEVAC,18208
GVOZDAC,31255
GVOZDENOVIĆ,14210
HAJDUČICA,26370
HAJDUKOVO,24414
HALOVO,19205
HERCEGOVAČKA GOLEŠA,31335
HETIN,23235
HISARDŽIK,31300
HORGOŠ,24410
HORGOŠ,24416
HOTKOVO,36300
HRTA,31303
HRTKOVCI,22427
HUM,18106
IDVOR,26207
IĐOŠ,23323
IGRIŠTE,16204
IGRIŠTE,18438
IGROŠ,37224
ILANDŽA,26352
ILIĆEVO,34203
ILINCE,17523
ILINCI,22250
ILINO,19370
INĐIJA,22320
INOVO,19353
IRIČIĆI,37226
IRIG,22406
ISAKOVO,35227
ISKROVCI,18326
ISTOČNI MOJSTIR,36320
IVAN KULA,18408
IVANČA,36300
IVANKOVAC,35230
IVANOVCI,14246
IVANOVO,26233
IVANJE,16233
IVANJE,31300
IVANJICA,32250
IVEZIĆI,31305
IVKOVAČKI PRNJAVOR,35262
IZATOVCI,18324
IZBENICA,37265
IZBICE,36300
IZBIČANJ,31300
IZBIŠTE,26343
IZROK,36309
IZUMNO,17542
IZVARICA,12318
IZVOR,17540
IZVOR,18300
IZVOR,18330
IZVOR,18360
IZVOR,35255
IZVORSKA REKA,19353
JABLANICA,17524
JABLANICA,19371
JABLANICA,31315
JABLANICA,32300
JABLANICA,36300
JABLANICA,36309
JABLANICA,37222
JABLANKA,26300
JABUČEVO,18407
JABUČJE,14226
JABUČJE,34217
JABUKA (PANČEVO),26201
JABUKA (PRIJEPOLJE),31306
JABUKOV CVET,26234
JABUKOVAC,19304
JABUKOVIK,16213
JADRANSKA LEŠNICA,15308
JAGLIČJE,18240
JAGNJILO,11412
JAGNJILO,17510
JAGODINA,35000
JAGOŠTICA,31256
JAJČIĆ,14240
JAKALJ,31263
JAKOVAC,19340
JAKOVLJE,18213
JAKOVLJEVO,16212
JAKOVO,11271
JAKOVO,11276
JALBOTINA,18322
JALOVIK,15225
JALOVIK IZVOR,19353
JAMENA,22248
JANČA,36314
JANČIĆI,32242
JANKOV MOST,23201
JANOŠIK,26362
JANJA,19353
JARAK,22426
JARČUJAK,36000
JAREBICE,15311
JAREBICE,36320
JAREŠNIK,17546
JARKOVAC,23250
JARKOVCI,22321
JARMENOVCI,34318
JARSENOVO,16201
JASENAK,11506
JASENICA,14000
JASENICA,18412
JASENICA,19332
JASENOV DEL,18333
JASENOVIK,18207
JASENOVO,26346
JASENOVO,31319
JASENOVO,35241
JASENJE,18224
JASIKA,37252
JASIKOVICA,37243
JASIKOVO,19256
JASTREBAC,16210
JASTREBAC,17510
JASTREBAC,17521
JAŠA TOMIĆ,23230
JAŠUNJA,16254
JAVOR,36300
JAVORJE,16212
JAVORSKA RAVNA GORA,32258
JAZAK,22409
JAZOVIK,14201
JAZOVNIK,15214
JAZOVO,23327
JELAČA,31337
JELAKCI,37238
JELAŠNICA,16201
JELAŠNICA,17512
JELAŠNICA,18206
JELAŠNICA,19223
JELAŠNICA,19345
JELAV,15307
JELEN DO,31215
JELENAC,34312
JELENČA,15000
JELIĆE,36309
JELOVAC,35215
JELOVICA,18306
JELOVIK,31254
JELOVIK,34309
JERMENOVCI,26363
JESENIŠTE,32252
JEVIK,36310
JEVREMOVAC,15000
JEVREMOVAC,15232
JEZDINA,32102
JEZERO,18230
JEZERO,35215
JEZERO,36315
JEZGROVIĆE,36309
JEŽEVICA,32222
JOŠANICA,12318
JOŠANICA,18234
JOŠANIČKA BANJA,36345
JOŠANIČKI PRNJAVOR,35203
JOŠEVA,14201
JOŠEVA,14210
JOŠEVA,15308
JOŠJE,37202
JOVA,36300
JOVAC,17512
JOVAC,35205
JOVANOVAC,18258
JOVANOVAC,34211
JOVANOVCE,16215
JOVANJA,14000
JOVINE LIVADE,18407
JUG BOGDANOVAC,18253
JUGOVAC,18404
JUGOVIĆI,15234
JUNČEVIĆI,31306
JUNKOVAC,11562
JUNKOVAC,34313
JUŽNI KOČARNIK,36320
KACABAĆ,16206
KACAPUN,17512
KAČAPOR,18420
KAČAREVO,26212
KAČER,31311
KAČULICE,32224
KAĆ,21241
KAĆEVO,31300
KADINA LUKA,14240
KAJTASOVO,26329
KALABOVCE,17530
KALAFATI,31330
KALANJEVCI,14246
KALENIĆ,14212
KALENIĆI,31213
KALENIĆKI PRNJAVOR,35264
KALENOVAC,35203
KALETINAC,18242
KALIČINA,19350
KALIMANCE,17510
KALIMANIĆI,32300
KALINOVAC,14214
KALIPOLJE,36310
KALIŠTE,12311
KALNA,16213
KALNA,19353
KALOVO,17525
KALUDRA,18424
KALUDRA,35265
KALUĐERCE,16204
KALUĐERICA,11130
KALUĐEROVIĆI,31335
KALUĐEROVO,18330
KALUĐEROVO,26340
KALUĐERSKE BARE,31241
KALUĐERSKE BARE,31250
KAMBELEVCI,18330
KAMENA GORA,31306
KAMENARE,37254
KAMENDOL,11430
KAMENICA,14252
KAMENICA,15222
KAMENICA,15308
KAMENICA,16205
KAMENICA,18204
KAMENICA,18213
KAMENICA,18324
KAMENICA,31203
KAMENICA,32308
KAMENICA,34205
KAMENICA,36103
KAMENOVO,12300
KAMENJAČA,37243
KAMENJANI,36342
KAMEŠNICA,36312
KAMIJEVO,12253
KAMIK,18300
KANDALICA,19350
KANJEVINA,36310
KANJIŽA,24420
KAONA,12240
KAONA,15226
KAONA,32234
KAONIK,37256
KAPIDŽIJA,37201
KAPIT,16240
KARADAK,36353
KARADNIK,17520
KARAĐORĐEVAC,16000
KARAĐORĐEVO,21421
KARAĐORĐEVO,24308
KARAJUKIĆA BUNARI,36313
KARAMANICA,17546
KARAN,31204
KARANOVAC,37258
KARAULA,31307
KARAVUKOVO,25255
KARBULOVO,19306
KARE,18406
KARLOVČIĆ,22443
KAROŠEVINA,31303
KASIDOL,12227
KASIDOLI,31335
KASTRAT,18430
KAŠALJ,36300
KAŠEVAR,18420
KAŠICE,31303
KAŠICE,31306
KAŠTAVAR,16251
KATIĆI,32253
KATRGA,32210
KATUN,17501
KATUN,18225
KAVADAR,35260
KAVILO,24313
KAZNOVIĆE,36350
KELEBIJA,24104
KELEBIJA,24109
KESEROVINA,31241
KEVI,24352
KIJEVAC,17530
KIJEVAC,18330
KIJEVCI,36310
KIJEVO,34227
KIKINDA,23300
KIKOJEVAC,34205
KISAČ,21211
KISILJEVO,12220
KISILJEVO,12226
KLAČEVICA,35255
KLADNICA,36310
KLADOVO,19320
KLADUROVO,12304
KLADUŠNICA,19320
KLAJIĆ,16230
KLANICA,14222
KLAŠNIĆ,14222
KLAŠNJICE,17501
KLATIČEVO,32300
KLEK,23211
KLEKOVA,32253
KLENAK,22424
KLENIKE,17524
KLENOVAC,19313
KLENOVNIK,12208
KLENJE,12258
KLENJE,15357
KLENJE,18310
KLIČEVAC,12209
KLINCI,14104
KLINOVAC,17521
KLISURA,17535
KLISURA,18310
KLISURA,18417
KLISURICA,17545
KLISURICA,18405
KLOKA,34313
KLOKOČEVAC,19222
KLUPCI,15300
KLJAJIĆEVO,25221
KLJUČ,14242
KNEZ SELO,18204
KNEŽEVAC,34205
KNEŽEVAC,36311
KNEŽEVO,37225
KNEŽICA,12300
KNEŽICA,18415
KNIĆ,34205
KNIĆ,34240
KNIĆANIN,23265
KNJAŽEVAC,19350
KOBILJE,12313
KOBILJE,37000
KOBILJE,37220
KOBIŠNICA,19316
KOCELJEVA,15220
KOČANE,18410
KOČETIN,12374
KOČINE,37220
KOČINO SELO,35220
KOĆURA,17508
KOKIN BROD,31318
KOKOŠIĆE,36311
KOLARE,35242
KOLARI,11431
KOLOVRAT,31303
KOLUT,25274
KOMADINE,32255
KOMANICE,14242
KOMARANE,35260
KOMARANI,31320
KOMARICA,16210
KOMIRIĆ,14254
KOMORANE,37254
KONAK,23253
KONAREVO,36340
KONATICE,11506
KONČAREVO,35219
KONČIĆ,18403
KONČULJ,17520
KONDŽELJ,18424
KONIČE,36320
KONOPNICA,16210
KONJARNIK,18406
KONJEVIĆI,32103
KONJIC,14207
KONJINO,16232
KONJSKA REKA,31251
KONJUH,37254
KONJUŠA,14254
KONJUŠA,34243
KONJUVA,18426
KOPAJKOŠARA,18201
KOPANJANE,17508
KOPAONIK,36354
KOPITARCE,17514
KOPLJARE,34308
KOPRIVNA,31305
KOPRIVNICA,18212
KOPRIVNICA,18240
KOPRIVNICA,19223
KOPRIVNICA,36300
KOPRIVŠTICA,18300
KORAĆEVAC,16222
KORAĆICA,11400
KORAĆICA,11415
KORBEVAC,17545
KORBOVO,19329
KORBUL,17554
KORENITA,15302
KORENITA,15309
KORIĆANI,34113
KORITNIK,32254
KORLAĆE,36346
KORMAN,15213
KORMAN,18216
KORMAN,34224
KOSANČIĆ,16206
KOSATICA,31300
KOSJERIĆ (SELO),31260
KOSJERIĆ (VAROŠ),31260
KOSMAČA,18432
KOSMOVAC,18313
KOSOVICA,32255
KOSTADINOVAC,18253
KOSTAJNIK,15314
KOSTENICA,18405
KOSTOJEVIĆI,31254
KOSTOL,19320
KOSTOLAC,12208
KOSTOMLATICA,17510
KOSTROŠEVCI,17535
KOSTUR,18300
KOSURIĆE,36305
KOŠARNO,17520
KOŠEVI,37208
KOŠEVINE,31300
KOŠTUNIĆI,32308
KOTEŠICA,14201
KOTRAŽA,32235
KOTRAŽA,34323
KOTROMAN,31243
KOVAČEVA BARA,16220
KOVAČEVAC,11409
KOVAČEVAC,31304
KOVAČEVAC,35272
KOVAČEVO,36305
KOVAČI,36103
KOVAČI,36321
KOVAČI,36345
KOVAČICA,26210
KOVAČICE,14203
KOVANICA,35238
KOVANLUK,18252
KOVANLUK,36103
KOVILOVO,11213
KOVILOVO,19318
KOVILJ,21243
KOVILJE,32256
KOVIN,26220
KOVIOCI,37223
KOVIZLA,37226
KOZARE,16220
KOZARICA,15226
KOZELJ,14246
KOZJA,18310
KOZJAK,15308
KOZJAK,15341
KOZLIČIĆ,14201
KOZNICA,17514
KOZNICA,37238
KOZNIK,36312
KOŽELJ,19340
KOŽETIN,37230
KOŽINCE,18407
KOŽLJE,36306
KOŽUAR,14214
KRAGUJEVAC-AERODROM,34110
KRAGUJEVAC-AERODROM,34204
KRAGUJEVAC-AERODROM,34211
KRAGUJEVAC-CENTAR,34000
KRAGUJEVAC-CENTAR,34110
KRAGUJEVAC-CENTAR,34111
KRAGUJEVAC-CENTAR,34113
KRAGUJEVAC-CENTAR,34204
KRAGUJEVAC-PIVARA,34000
KRAGUJEVAC-PIVARA,34110
KRAGUJEVAC-PIVARA,34115
KRAGUJEVAC-PIVARA,34208
KRAGUJEVAC-PIVARA,34217
KRAJČINOVIĆI,31335
KRAJINOVIĆE,36315
KRAJIŠNICI,15300
KRAJIŠNIK,23231
KRAJKOVAC,18258
KRALJEVCI,22411
KRALJEVO,36000
KRALJEVO (ALEKSINAC),18220
KRASAVA,15312
KRASTAVČE,18242
KRATOVO,31337
KRAVIĆE,36350
KRAVLJE,18202
KRAVLJI DO,12311
KRČEDIN,22325
KRČMAR,14204
KRČMARE,18430
KRČMARE,18432
KRĆE,36310
KRĆEVAC,34310
KREMENICA,18310
KREMIĆE,36346
KREMNA,31242
KRENTA,19350
KREPOLJIN,12316
KREŽBINAC,35249
KRIVA FEJA,17543
KRIVA REKA,31312
KRIVA REKA,32312
KRIVA REKA,37227
KRIVAČA,12257
KRIVAČA,16230
KRIVAČA,32233
KRIVAJA,15233
KRIVAJA,18425
KRIVAJA,24341
KRIVAJA,36310
KRIVELJ,19219
KRIVI DEL,16213
KRIVI VIR,19375
KRNIĆ,15214
KRNULE,15225
KRNJA JELA,36313
KRNJAČA (PRIBOJ),31335
KRNJEŠEVCI,22314
KRNJEVO,11319
KRNJI GRAD,18403
KRPEJCE,16222
KRSTAC,32240
KRSTAC,36310
KRŠEVICA,17521
KRŠNA GLAVA,14213
KRTINSKA,11500
KRTOK,18435
KRUPAC,18307
KRUPAC,18314
KRUPAJA,12316
KRUPANJ,15314
KRUŠAR,35227
KRUŠCE,18251
KRUŠČICA,26340
KRUŠČICA,31233
KRUŠČIĆ,25225
KRUŠEDOL PRNJAVOR,22328
KRUŠEDOL SELO,22328
KRUŠEVA GLAVA,17507
KRUŠEVAC,37000
KRUŠEVICA,11566
KRUŠEVICA,16210
KRUŠEVICA,18409
KRUŠEVICA,36346
KRUŠEVO,31305
KRUŠEVO,36306
KRUŠJE,18213
KRVAVCI,31205
KRVAVICA,37257
KRVIJE,12300
KRŽAVA,15314
KRŽINCE,17510
KUCURA,21466
KUČAJNA,12240
KUČEVO,12240
KUČIN,31325
KUĆANE,36350
KUĆANI,31319
KUDREŠ,12223
KUJAVICA,15213
KUKAVICA,16210
KUKAVICA,17510
KUKIĆI,32224
KUKLJIN,37253
KUKUJEVCI,22224
KUKULOVCE,16000
KUKUROVIĆI,31335
KULA,25230
KULA (POŽAREVAC),12313
KULIČ,11300
KULINA,18214
KULINOVCI,32102
KULINOVCI,32104
KULPIN,21472
KUMANE,12226
KUMANE,23271
KUMANICA,32255
KUMANOVO,18304
KUMAREVO,16000
KUMAREVO,17542
KUNICE,14206
KUNOVICA,18206
KUNOVO,17510
KUPINIK,26368
KUPININCE,17501
KUPINOVAC,35211
KUPINOVO,18440
KUPINOVO,22419
KUPUSINA,11320
KUPUSINA,25262
KUPUZIŠTE,19323
KURBALIJA,17523
KURIĆI,36344
KURJAČE,12221
KURŠUMLIJA,18430
KURŠUMLISKA BANJA,18435
KUSA VRANA,18326
KUSADAK,11425
KUSIĆ,26349
KUSIĆE,12222
KUSOVAC,34243
KUŠIĆI,32258
KUŠILJEVO,35226
KUŠTICA,17524
KUŠTILJ,26336
KUTLEŠ,16253
KUTLOVAC,18426
KUTLOVO,18440
KUTLOVO,34205
KUZMIČEVO,36305
KUZMIN,22223
LABUKOVO,18201
LAĆARAK,22221
LAĆISLED,37234
LADOVICA,16210
LAĐEVCI,36204
LAJKOVAC (SELO),14224
LAJKOVAC (VAROŠ),14224
LALIĆ,25234
LALINAC,18201
LALINAC,18256
LALINCE,17507
LALINCI,14240
LALINOVAC,16230
LALINSKE POJATE,18203
LANDOL,11431
LANIŠTE,18314
LAPOTINCE,16205
LAPOVO (SELO),34220
LAPOVO (VAROŠICA),34220
LASOVO,19343
LATKOVAC,37230
LATKOVIĆ,14240
LATVICA,31236
LAUDONOVAC,26364
LAZAC,36202
LAZAREVAC,11550
LAZAREVAC,18425
LAZAREVAC,37246
LAZAREVO,23241
LAZAREVO SELO,18110
LAZARICA,37000
LAZNICA,12321
LEBANE,16230
LEBET,17514
LEBINA,35250
LECE,16248
LEČA,36300
LEDINCI,21207
LELIĆ,14205
LELIĆI,31204
LENOVAC,19343
LEOVIĆ,15324
LEPAJA,18252
LEPČINCE,17508
LEPENA,19369
LEPENAC,37224
LEPENICA,17512
LEPOJEVIĆ,35267
LEPOJEVIĆI,31322
LESENOVCI,37230
LESKOVA,36320
LESKOVA BARA,17530
LESKOVAC,16000
LESKOVAC (KNIĆ),34232
LESKOVAC (LAZAREVAC),11564
LESKOVAC (PETROVAC),12300
LESKOVAC (ZAJEČAR),19343
LESKOVICA,18217
LESKOVICA,37230
LESKOVIK,18106
LESKOVIK,18314
LESKOVO,19256
LESNICA,17525
LEŠEVO,36220
LEŠJE,35255
LEŠNICA,15307
LEŠTANE,11309
LETOVICA,17520
LETOVIŠTE,17510
LEUŠIĆI,32308
LEVA REKA,17542
LEVIĆI,37242
LEVOSOJE,17520
LEVOVIK,18232
LEŽIMIR,22207
LIČIN DOL,16222
LIČJE,18245
LIJEVA REKA,36312
LIKODRA,15314
LINOVO,18217
LIPAR,25232
LIPE,11310
LIPENOVIĆ,15314
LIPICA,36320
LIPLJE,14246
LIPNICA,15300
LIPNICA,32222
LIPNICA,34230
LIPNIČKI ŠOR,15341
LIPOLIST,15305
LIPOVA,36210
LIPOVAC,17542
LIPOVAC,18225
LIPOVAC,32315
LIPOVAC,34310
LIPOVAC,37000
LIPOVAC,37215
LIPOVICA,16210
LIPOVICA,16230
LIPOVICA,16253
LIPOVICA,35213
LIS,32240
LISA,32250
LISICE,32240
LISINA,36353
LISO POLJE,14212
LISOVIĆ,11460
LIVAĐE,37225
LOBODER,37240
LOČEVCI,32304
LOĆIKA,18212
LOĆIKA,35274
LOJANICE,15225
LOK,21248
LOKVA,19350
LOKVE,26361
LOMNICA,35213
LOMNICA,35260
LONČANIK,14210
LONJIN,15320
LOPARDINCE,17520
LOPAŠ,31210
LOPAŠ,37243
LOPATANJ,14253
LOPATNICA,36341
LOPUŠNIK,12300
LOPUŽNJE,36300
LORET,31215
LOVCI,35204
LOVCI,37206
LOVĆENAC,24322
LOZAN,18208
LOZANE,16233
LOZANJ,32304
LOZNA,37240
LOZNAC,18213
LOZNICA,15300
LOZNICA (ČAČAK),32102
LOZNICA (VALJEVO),14222
LOZNIČKO POLJE,15300
LOZNO,36342
LOZOVIK,11317
LOZOVIK,35000
LUBNICA,19208
LUČANE,17520
LUČANI,32240
LUČANI (SELO),32240
LUČICA,12000
LUČICE,31300
LUČINA,37210
LUG,21315
LUG,31250
LUGARE,16232
LUGAVČINA,11321
LUKA,19234
LUKAR,35273
LUKARCE,17524
LUKARE,36300
LUKARE,36306
LUKARSKO GOŠEVO,36306
LUKAVAC,14222
LUKAVAC,37208
LUKAVICA,11550
LUKAVICA,18320
LUKAVICA,36320
LUKE,32250
LUKIĆEVO,23261
LUKINO SELO,23224
LUKOCREVO,36300
LUKOMIR,18412
LUKOVICA,35210
LUKOVO,17501
LUKOVO,18208
LUKOVO,18437
LUKOVO,19371
LUKOVO,36350
LUNJEVAC,11431
LUNJEVICA,32300
LUŽANE,18228
LUŽNICE,34325
LJANIK,17523
LJEŠNICA,12257
LJEŠTANSKO,31255
LJEVAJA,32304
LJIG,14240
LJILJANCE,17520
LJUBA,22255
LJUBANJE,31311
LJUBATOVICA,18310
LJUBAVA,37254
LJUBERAĐA,18217
LJUBIČEVAC,19328
LJUBIČEVAC,34323
LJUBIČEVO,12000
LJUBIĆ,32103
LJUBIĆ,34230
LJUBINCI,37235
LJUBINIĆ,11508
LJUBINJE,12253
LJUBIŠ,31209
LJUBOVIJA,15320
LJUKOVO,22321
LJULJACI,34205
LJUPTEN,18214
LJUŠA,18435
LJUTAJE,36312
LJUTEŽ,17514
LJUTICE,15220
LJUTICE,31213
LJUTOVA,18437
LJUTOVNICA,32300
LJUTOVO,24214
MAČEVAC,35208
MAČINA,18407
MAČJA STENA,18445
MAČKAT,31312
MAČKATICA,17530
MAČKOVAC,18430
MAČKOVAC,37251
MAČVANSKA MITROVICA,22000
MAČVANSKI PRIČINOVIĆ,15211
MAĆE,32253
MAĆEDONCE,16240
MAĆIJA,37215
MAĐARE,17523
MAĐER,31213
MAĐERE,18424
MAĐERE,37215
MAGAŠ,16244
MAGLIČ,36341
MAGLIĆ,21473
MAGOVO,18436
MAJDAN,23333
MAJDAN,32313
MAJDANPEK,19250
MAJDEVO,37222
MAJILOVAC,12221
MAJINOVIĆ,14255
MAJKOVAC,16233
MAJUR,15353
MAJUR,35270
MAKCE,12254
MAKOVIŠTE,31263
MAKREŠANE,37000
MAKVIŠTE,35237
MALA BILJANICA,16201
MALA BOSNA,24217
MALA BRAINA,16247
MALA BRESNICA,12254
MALA DRAGUŠA,18425
MALA DRENOVA,37246
MALA GRABOVNICA,16221
MALA GRABOVNICA,37220
MALA IVANČA,11233
MALA JASIKOVA,19224
MALA JEŽEVICA,31213
MALA KAMENICA,19322
MALA KOPAŠNICA,16221
MALA KOSANICA,18440
MALA KRSNA,11313
MALA KRUŠEVICA,37258
MALA MOŠTANICA,11261
MALA PLANA,11420
MALA PLANA,18423
MALA REKA,17525
MALA REKA,31250
MALA REKA,37204
MALA REMETA,22409
MALA SUGUBINA,37246
MALA VRANJSKA,15224
MALA VRBICA,11406
MALA VRBICA,19320
MALA VRBICA,34205
MALA VRBNICA,37220
MALA VRBNICA,37233
MALAJNICA,19303
MALČA,18207
MALE PČELICE,34216
MALE PČELICE,34218
MALE PIJACE,24414
MALE PIJACE,24416
MALEŠEVO,12223
MALEŠEVO,35265
MALETINA,37202
MALI BEOGRAD,24309
MALI BORAK,14226
MALI BOŠNJAK,15220
MALI CRLJENI,11566
MALI DRENOVAC,18212
MALI IĐOŠ,24321
MALI IZVOR,19347
MALI IZVOR,19370
MALI JASENOVAC,19209
MALI JOVANOVAC,18307
MALI KRČIMIR,18245
MALI KUPCI,37222
MALI PESAK,24417
MALI POPOVIĆ,35222
MALI POŽAREVAC,11235
MALI RADINCI,22400
MALI SUVODOL,18300
MALI ŠENJ,34325
MALI ŠILJEGOVAC,37201
MALI TRNOVAC,17528
MALI VRTOP,18245
MALI ZVORNIK,15318
MALI ŽAM,26337
MALO BAVANIŠTE,26223
MALO BONJINCE,18215
MALO CRNIĆE,12311
MALO GOLOVODE,37000
MALO GRADIŠTE,12312
MALO KRČMARE,34212
MALO KRUŠINCE,37205
MALO LAOLE,12306
MALO ORAŠJE,11328
MALO SREDIŠTE,26335
MALO VOJLOVCE,16232
MALOŠIŠTE,18415
MALJEVIĆ,14242
MALJUREVAC,12206
MANA,32255
MANAJLE,17514
MANASTIR,18206
MANASTIRICA,12304
MANASTIRICA,19321
MANASTIRIŠTE,16210
MANĐELOS,22208
MANIĆ,11461
MANOJLICA,18208
MANOJLOVCE,16201
MANOJLOVCI,34318
MANJAK,17514
MANJINAC,19340
MAOVI,15232
MARADIK,22327
MARENOVO,37257
MARGANCE,17508
MARGANCE,17525
MARGITA,26364
MARIČIĆE,18432
MARINA KUTINA,18240
MARINOVAC,19344
MARKOVA CRKVA,14223
MARKOVAC,11325
MARKOVAC,11400
MARKOVAC,26335
MARKOVICA,32243
MARKOVIĆE,18430
MARKOVIĆEVO,26373
MAROVAC,16246
MARŠIĆ,34203
MARŠIĆ,34209
MARTINCI,22222
MARTONOŠ,24417
MASKAR,34312
MASKARE,37262
MASKOVA,32258
MASLOŠEVO,34323
MASURICA,17530
MASUROVCI,18332
MAŠOVIĆE,36310
MATAROVA,18445
MATARUGE,31305
MATARUGE,36201
MATARUŠKA BANJA,36201
MATIJEVAC,15225
MAZARAĆ,17512
MAZGOŠ,18323
MAŽIĆI,31330
MEČJI DO,18363
MEČKOVAC,17501
MEDARE,36310
MEDEVCE,16247
MEDOJEVAC,35262
MEDOŠEVAC,11560
MEDOŠEVAC,18209
MEDOVINE,32256
MEDVEĐA,16240
MEDVEĐA,35224
MEDVEĐA,37244
MEDVEĐICA,12316
MEĐA,16253
MEĐA,23234
MEĐANI,31307
MEĐUGOR,36312
MEĐUHANA,18420
MEĐULUŽJE,11400
MEĐUREČ,35000
MEĐUREČJE,32255
MEĐUREČJE,36342
MEĐUVRŠJE,32102
MEHANE,18433
MEHOVINE,15225
MEKIŠ,18410
MELAJE,36307
MELENCI,23270
MELNICA,12300
MELOVO,16204
MELJAK,11426
MELJANICA,36103
MERĆEZ,18436
MERDARE,18445
MERDŽELAT,18360
MEROŠINA,18252
MEROVAC,18403
MESARCI,15214
MESIĆ,26300
MEŠEVO,37233
METIKOŠ,36212
METKOVIĆ,15356
METLIĆ,15233
METOVNICA,19204
METRIŠ,19224
MEZDRAJA,17525
MEZGRAJA,18202
MEZGRAJA,18215
MIĆUNOVO,24300
MIHAJLOVAC,11312
MIHAJLOVAC,19322
MIHAJLOVO,23202
MIJAČI,14206
MIJAJLICA,16233
MIJAJLOVAC,37244
MIJAKOVCE,17507
MIJANI,31303
MIJATOVAC,35236
MIJOSKA,31304
MIJOVCE,17507
MIKULOVAC,18405
MILAKOVAC,36207
MILAKOVIĆI,31305
MILANOVAC,12316
MILANOVO,16000
MILANOVO,17521
MILATKOVIĆE,36350
MILATOVAC,12320
MILATOVAC,34222
MILATOVIĆI,32234
MILAVAC,14240
MILAVČIĆI,36206
MILENTIJA,37227
MILEŠEVO,21227
MILEŠEVO,31300
MILETIĆEVO,26373
MILEVCI,17540
MILIČINICA,14252
MILIĆE,36343
MILIĆEVCI,32205
MILIĆEVO SELO,31210
MILIĆI,36312
MILIJEŠ,31330
MILINA,15234
MILIVA,35213
MILIVOJCE,17501
MILOČAJ,36204
MILOJKOVAC,18322
MILORCI,14210
MILOŠEV DO,31307
MILOŠEVAC,11318
MILOŠEVAC,15232
MILOŠEVO,19300
MILOŠEVO,35268
MILUŠINAC,18232
MILUTINOVAC,19328
MILUTOVAC,37246
MILJEVIĆ,12253
MILJEVIĆI,31304
MILJKOVAC,18202
MILJKOVAC,18242
MILJKOVAC,19362
MILJKOVICA,18423
MINIĆEVO,19340
MIOKOVCI,32205
MIOKUS,15213
MIONICA (KOSJERIĆ),31265
MIONICA (SELO, VALJEVO)
MIONICA (VAROŠICA, VALJEVO)
MIRANOVAC,18310
MIRANOVAČKA KULA,18310
MIRAŠEVAC,34210
MIRATOVAC,17523
MIRIJEVO,12370
MIRILOVAC,35250
MIRKOVCI,18355
MIRNICA,18430
MIROČ,19220
MIRONIĆ,34325
MIROSALJCI,11567
MIROSALJCI,31236
MIROŠEVCE,16204
MIROVO,19370
MISAČA,34302
MISLOĐIN,11500
MISLOĐIN,11504
MIŠAR,15000
MIŠČIĆE,36305
MIŠEVIĆ,35000
MIŠEVIĆ,35273
MIŠEVIĆI,31320
MIŠIĆEVO,24210
MIŠLJENOVAC,12254
MITROVA,36320
MITROVAC,31251
MLADENOVAC (SELO),11400
MLADENOVAC (VAROŠ),11400
MLADENOVO,21422
MLAKOVAC,32300
MLANČA,36343
MLEKOMINCI,17540
MOČIOCI,32253
MODRA STENA,18215
MODRICA,37206
MOJINCI,18323
MOJKOVIĆ,15312
MOJSINJE,32210
MOJSINJE,37202
MOKLIŠTE,18310
MOKRA,18310
MOKRA GORA,31243
MOKRANJE,19317
MOKRIN,23305
MOL,24435
MOLOVIN,22256
MORANI,36307
MORAVAC,18210
MORAVCI,14240
MORAVSKI BUJMIR,18228
MOROVIĆ,22245
MOSNA,19220
MOŠORIN,21245
MOŠTANICA,17501
MOTRIĆ,35260
MOZGOVO,18229
MRAMOR,18251
MRAMORAC,11420
MRAMORAK,26226
MRAMORSKI POTOK,18252
MRAMORSKO BRDO,18251
MRATIŠIĆ,14202
MRČAJEVCI,32210
MRČE,18437
MRČIĆ,14222
MRČIĆI,31265
MRČKOVAC,12258
MRČKOVINA,31305
MRĐENOVAC,15213
MRKONJE,16247
MRKOVICA,16222
MRLJAK,18407
MRMOŠ,37233
MROVSKA,15226
MRSAĆ,36202
MRŠELJ,18403
MRŠELJI,31213
MRŠINCI,32224
MRŠTANE,16000
MRTVICA,17514
MRVEŠ,16205
MRZENICA,37212
MUČIBABA,19350
MUDRAKOVAC,37000
MUHOVAC,17529
MUHOVO,36314
MUR,36300
MURE,36353
MURGAŠ,14210
MUSINA REKA,36202
MUSTAPIĆ,12254
MUSULJ,17544
MUŠIĆI,31260
MUŠKOVINA,31307
MUŠVETE,31310
MUTANJ,32312
MUZAĆE,18426
MUŽINAC,18235
MUŽLJA,23206
NABOJE,36320
NABRĐE,12206
NADALJ,21216
NADRLJE,35265
NADUMCE,36321
NAKOVO,23311
NAKRIVANJ,16203
NAKRIVANJSKI ČIFLUK,16203
NAKUČANI,15233
NAKUČANI,32312
NAMGA,36307
NANOMIR,14242
NASTAVCE,17501
NAŠUŠKOVICA,18333
NATALINCI,34313
NAUPARE,37221
NAVALIN,16254
NAZARICA,17546
NEGBINA,31317
NEGOSAVLJE,16240
NEGOTIN,19300
NEGOTINAC,36300
NEGOVAC,17522
NEGRIŠORI,32243
NEMENIKUĆE,11450
NEPRIČAVA,14223
NERADIN,22406
NERESNICA,12242
NESALCE,17520
NESVRTA,16220
NESVRTA,17543
NEŠTIN,21314
NEUZINA,23245
NEVADA,18438
NEVADE,32300
NIKINCI,22422
NIKOJEVIĆI,31206
NIKOLA TESLA,18110
NIKOLIČEVO,19311
NIKOLINAC,18230
NIKOLINCI,26322
NIKŠIĆ,34222
NIŠ,18000
NIŠ-CRVENI KRST,18106
NIŠEVAC,18366
NIŠKA BANJA,18205
NIŠ-MEDIANA,18106
NIŠ-MEDIANA,18110
NIŠOR,18300
NIŠ-PALILULA,18106
NIŠ-PALILULA,18110
NIŠ-PALILULA,18250
NIŠ-PANTELEJ,18106
NOĆAJ,22203
NOĆAJE,36307
NOMANICA,16000
NORČA,17523
NOSOLJIN,36350
NOVA BOŽURNA,18400
NOVA BREZOVICA,17508
NOVA CRNJA,23218
NOVA CRVENKA,25224
NOVA GAJDOBRA,21431
NOVA PAZOVA,22330
NOVA TOPOLA,16230
NOVA VAROŠ,31320
NOVACI,14213
NOVACI,37234
NOVI BANOVCI,22303
NOVI BEČEJ,23272
NOVI BRAČIN,37216
NOVI ĐUROVAC,18407
NOVI GLOG,17526
NOVI ITEBEJ,23236
NOVI KARLOVCI,22322
NOVI KNEŽEVAC,23330
NOVI KOZARCI,23313
NOVI KOZJAK,26353
NOVI MILANOVAC,34225
NOVI PAZAR,36300
NOVI PAZAR,36318
NOVI SAD,21000
NOVI SAD,21101
NOVI SAD,21105
NOVI SIP,19326
NOVI SLANKAMEN,22323
NOVI ŽEDNIK,24223
NOVO KORITO,19340
NOVO LANIŠTE,35271
NOVO MILOŠEVO,23273
NOVO MOMČILOVO,18406
NOVO ORAHOVO,24351
NOVO SELO,11324
NOVO SELO,15214
NOVO SELO,15307
NOVO SELO,16222
NOVO SELO,16230
NOVO SELO,17525
NOVO SELO,17530
NOVO SELO,18230
NOVO SELO,18244
NOVO SELO,18310
NOVO SELO,18400
NOVO SELO,18432
NOVO SELO,24207
NOVO SELO,36216
NOVO SELO,36353
NOZRINA,18228
NJEGOŠEVO,24311
OBAJGORA,31250
OBILIĆ,16206
OBLAČINA,18252
OBLAČINSKO JEZERO,18252
OBLIČKA SENA,17501
OBORNJAČA,24312
OBORNJAČA,24437
OBRAŽDA,16233
OBRENOVAC,11500
OBRENOVAC,18322
OBREŽ (KRUŠEVAC),37266
OBREŽ (RUMA),22417
OBROVAC,21423
OBRTINCE,18409
OBRVA,36204
OČAGE,15357
ODOJEVIĆE,36300
ODŽACI,25250
ODŽACI,37240
OGAR,22416
OGLAĐENOVAC,14252
OHOLJE,36306
OJKOVICA,31319
OKLETAC,31255
OKOLIŠTE,18368
OKOSE,36314
OKRUGLICA,18360
OKRUGLICA,37242
OMOLJICA,26230
OPALJENIK,32258
OPARIĆ,35267
OPLANIĆ,34243
OPLANIĆI,36208
OPORNICA,34321
OPOVO,26204
ORAHOVO,36350
ORANE,16233
ORAOVICA,17523
ORAOVICA (KOD CRKOVN,16254
ORAOVICA (KOD GRDELI,16220
ORAŠAC,11508
ORAŠAC,15213
ORAŠAC,16201
ORAŠAC,31305
ORAŠAC,34308
ORAŠE,36309
ORAŠJE,16210
ORAŠJE,37265
OREOVAC,18207
OREOVAC,18310
OREOVICA,12370
OREOVICA,18355
OREŠAC,19362
OREŠAC,26345
OREŠKOVICA,12308
ORID,15213
ORLOVAC,18440
ORLOVAT,23263
ORLJA,18355
ORLJA GLAVA,36343
ORLJANE,18410
ORLJE,36309
ORLJEVO,12315
OROM,24207
OROVAC,31303
OROVIČKA PLANINA,15323
ORUGLICA,16204
OSANICA,12317
OSAONICA,36314
OSAONICA,37240
OSEČENICA,14244
OSEČINA (SELO),14253
OSEČINA (VAROŠICA),14253
OSIPAONICA,11314
OSLADIĆ,14252
OSLARE,17520
OSMAKOVO,18304
OSNIĆ,19370
OSOJE,31303
OSOJE,31305
OSOJE,36300
OSONICA,32250
OSREDCI,37227
OSTATIJA,32254
OSTATOVICA,18215
OSTOJIĆEVO,23326
OSTRA,32210
OSTRA GLAVA,17507
OSTRIKOVAC,35205
OSTROVICA,17512
OSTROVICA,18312
OSTROVICA,36320
OSTROVO,12208
OSTROVO,12220
OSTRUŽANJ,14253
OSTRUŽNICA,11251
OŠLJANE,19340
OŠTRA STIJENA,31305
OŠTRELJ,19226
OTANJ,31210
OTROCI,36215
OVČA,11211
OVČA,11212
OVČAR BANJA,32242
OVČINJA,31255
OVSINJINAC,18242
OVSIŠTE,34310
OZREM,32304
PAČARAĐA,18436
PAČIR,24342
PADEJ,23325
PADEŽ,16220
PADEŽ,37257
PADINA,18258
PADINA,26215
PADINSKA SKELA,11210
PADINSKA SKELA,11213
PAJAZITOVO,34325
PAJEŽ,18310
PAJKOVAC,37258
PAJSAK,37242
PAJSIJEVIĆ,34230
PAKAŠNICA,37000
PAKLEŠTICA,18300
PAKLJE,14206
PAKOVRAĆE,32102
PALEŽNICA,14245
PALIĆ,24413
PALIGRACE,18202
PALIKUĆA,16000
PALILULA,18363
PALOJCE,16220
PALJA,17535
PALJANE,35230
PALJEVO,36309
PALJEVŠTICA,37225
PALJINA,18202
PALJUVI,14210
PAMBUKOVICA,14213
PANČEVO,26000
PANČEVO,26101
PANČEVO,26111
PANEVLJE,17545
PANKOVO,12300
PANOJEVIĆE,36350
PANONIJA,24330
PANJEVAC,35213
PANJEVAC,37235
PAPIĆE,36310
PAPRATIŠTE,31215
PAPRATNA,19352
PARAĆIN,35250
PARADA,18437
PARAGE,21434
PARALOVO,17540
PARALOVO,36300
PARAMUN,31262
PARCANE,37257
PARCANI,11233
PARČIN,37235
PARDIK,37213
PARMENAC,32102
PARTA,26345
PARTIZANI,34305
PARUNOVAC,37201
PASI POLJANA,18106
PASJAČ,18300
PASJAČA,18207
PASJAČA,18407
PASJAK,37201
PASJI POTOK,36300
PASKAŠIJA,18322
PASKOVAC,15315
PAŠINAC,18404
PAŠTRIĆ,14242
PAUNE,14202
PAVLICA,36346
PAVLIŠ,26333
PAVLOVAC,17521
PAVLOVAC,34313
PAVLOVCI,22400
PAVLJE,36300
PEAR,31241
PECKA,14207
PEČANICA,12253
PEČENO,17523
PEČENOG,36207
PEČENJEVCE,16251
PEĆANI,11260
PEĆINCI,22410
PEJINOVIĆ,15225
PEJKOVAC,18413
PEKČANICA,36205
PEPELJ,31250
PEPELJEVAC,14224
PEPELJEVAC,18430
PEPELJEVAC,37208
PERIŠ,18208
PERLEZ,23260
PERTATE,16232
PERUĆAC,31256
PERUNIKA,18430
PERUTINA,18415
PESTIŠ,18409
PETAČINCI,18326
PETINA,37206
PETKA,11550
PETKA,12208
PETKOVICA,15306
PETLOVAČA,15304
PETNICA,14104
PETNICA,32224
PETRIJEVO,11328
PETRILJE,16240
PETRLAŠ,18323
PETROPOLJE,36207
PETROVAC,12300
PETROVAC,16000
PETROVAC,16233
PETROVAC,17525
PETROVAC,18300
PETROVAC,18405
PETROVAC,34110
PETROVARADIN,21132
PETROVČIĆ,11279
PETROVO POLJE,36312
PETROVO SELO,19321
PETROVO SELO,19325
PETRUŠA,19340
PEVAŠTICA,18436
PILARETA,36300
PILATOVIĆI,31210
PILICA,31250
PINOSAVA,11223
PINOSAVA,11226
PIRKOVAC,18201
PIROMAN,11507
PIROT,18300
PIROT,18309
PISKALJE,18424
PISKANJA,36344
PISKOPOVCE,36321
PISKUPOVO,16201
PIVNICE,21469
PLANA,35247
PLANA,36315
PLANA,36342
PLANDIŠTE,26360
PLANINA,15314
PLANINICA,14244
PLANINICA,19208
PLANINICA,37240
PLASKOVAC,34314
PLAŠĆE,31335
PLATIČEVO,22420
PLAVCE,16205
PLAVKOVO,36353
PLAVNA (BAČKA PALANKA),21428
PLAVNA (NEGOTIN),19307
PLAŽANE,35212
PLENIBABE,36320
PLEŠ,37238
PLEŠIN,36350
PLOČA,15300
PLOČA,17544
PLOČA,37238
PLOČICA,26229
PLOČNIK,18424
PLOČNIK,37216
PLUŽAC,14253
PLUŽINA,18366
PLJAKOVO,18430
POBEDA,24313
POBRĐE,36300
POBRĐE,36344
POCERSKI METKOVIĆ,15232
POCERSKI PRIČINOVIĆ,15000
POCESJE,36350
POČEKOVINA,37243
POĆUTA,14206
PODA,36313
PODGORAC,19233
PODGORAC,37213
PODINA,18412
PODLOKANJ,23332
PODNEMIĆ,15320
PODRIMCE,16000
PODUNAVCI,36215
PODVIS,19362
PODVRŠKA,19321
POGANOVO,18326
POGLED,31230
POJATE,37214
POKREVENIK,18300
POKRVENIK,36321
POKRVENIK,36344
POLATNA,12370
POLOKCE,36305
POLOM,17510
POLOM,17532
POLOM,32304
POLUMIR,36342
POLJACI,37206
POLJANA,12372
POLJANE,11506
POLJANICE,14246
POLJNA,37246
POLJSKA RŽANA,18300
POMIJAČA,15234
PONIKOVICA,31203
PONIKVE,12222
PONOR,18300
PONOR,19350
PONORAC,36310
POPADIĆ,14243
POPE,36300
POPE,36320
POPIĆE,36309
POPINA,37240
POPINCI,22428
POPOVA,18420
POPOVAC (JAGODINA),35254
POPOVAC (NIŠ),18106
POPOVAC (POŽAREVAC),12221
POPOVCE,16230
POPOVCI,37230
POPOVICA,19306
POPOVIĆ,11233
POPOVIĆ,34210
POPOVIĆI,36203
POPOVNJAK,35215
POPŠICA,18201
POPUČKE,14221
PORODIN,12375
PORODIN,18214
POROŠTICA,16230
POROŠTICA,16247
PORUŽNICA,18230
POSKURICE,34219
POSLON,37215
POSTENJE,15319
POSTENJE,36300
POTKRŠ,31305
POTOČAC,35207
POTOČANJE,31205
POTOČIĆ,18423
POTOK,31305
POTPEĆE,31205
POTPORANJ,26345
POTREB,36307
POTRKANJE,19345
POZLATA,37204
POŽAREVAC,12000
POŽEGA,31210
POŽEGA,36300
POŽEGRMAC,31335
POŽEŽENO,12220
POŽEŽINA,36300
PRAČA,18320
PRAHOVO,19330
PRALJA,36310
PRANJANI,32308
PRANJCI,31304
PRASKOVČE,37202
PRAVOŠEVO,31307
PRĆENOVA,36300
PRĆENOVA,36305
PRĆILOVICA,18210
PREBREZA,18420
PREDANČA,16212
PREDEJANE (SELO),16222
PREDEJANE (VAROŠ),16222
PREDOLE,36342
PREDVORICA,15213
PREKADIN,18424
PREKAŠNICA,18423
PREKODOLCE,17510
PREKONOGA,18365
PREKONOZI,18223
PREKOPČELICA,16230
PREKOPEČA,34204
PREKOPUCE,18403
PREKORAĐE,18445
PRELJINA,32212
PREMEĆA,32224
PREOBRAŽENJE,17501
PRESEČINA,16000
PRESEKA,18333
PRESEKA,32253
PRESLAP,16213
PREŠEVO,17523
PRETEŽANA,18425
PRETINA,17524
PRETOKE,34240
PRETREŠNJA,18420
PRETRKOVAC,37213
PREVALAC,17545
PREVEŠT,35264
PREVETICA,18445
PRHOVO,22442
PRIBOJ,31330
PRIBOJ,31333
PRIBOJ (LESKOVAC),16000
PRIBOJ (VLADIČIN HAN),17512
PRIBOJSKA GOLEŠA,31330
PRIBOJSKE ČELICE,31337
PRIBOVCE,17529
PRIČEVAC,19350
PRIČEVIĆ,14255
PRIDOLI,31250
PRIDVORICA,14223
PRIDVORICA,16205
PRIDVORICA,18420
PRIDVORICA,32102
PRIDVORICA,32254
PRIDVORICE,11420
PRIGREVICA,25263
PRIJANOVIĆI,31210
PRIJEPOLJE,31300
PRIJEPOLJE,31303
PRIJEPOLJE,31304
PRIJEVOR,32205
PRIJEZDIĆ,14203
PRILEPAC,16210
PRILIČKI KISELJAK,32252
PRILIKE,32252
PRILIPAC,31210
PRISJAN,18300
PRISLONICA,32212
PRIVINA GLAVA,22257
PRKOSAVA,11566
PRLITA,19341
PRNJAVOR,15306
PRNJAVOR,32315
PRNJAVOR,34222
PRNJAVOR,37240
PROGAR,11275
PROGORELICA,36340
PROGOREOCI,34305
PROKUPLJE,18400
PROLESJE,17561
PROLOM,18433
PROSEK,18206
PROŠTINAC,35217
PROTOPOPINCI,18323
PROVALJENIK,18330
PROVO,15215
PRUGOVAC,18225
PRUGOVO,12372
PRUŽANJ,36307
PRUŽATOVAC,11413
PRVA KUTINA,18110
PRVONEK,17554
PRŽOJNE,16212
PŠANIK,32235
PUDARCI,11430
PUHOVAC,37230
PUHOVO,32240
PUKOVAC,18255
PUSTA TUŠIMLJA,36305
PUSTO ŠILOVO,16240
PUSTOVLAH,36305
PUTINCI,22404
PUTNIKOVO,26216
RABAS,14201
RABE,23333
RABENOVAC,35274
RABROVAC,11412
RABROVO,12254
RAČA,18440
RAČA,31250
RAČA,31330
RAČA,31333
RAČA,34210
RADALJ,15318
RADALJ,15321
RADALJEVO,32252
RADALJICA,36314
RADANOVCI,31265
RADEJNA,18323
RADENKA,12255
RADENKOVAC,18230
RADENKOVIĆ,22203
RADEVCE,16230
RADEVCE,18213
RADIČEVAC,19345
RADIČEVCI,17540
RADIČEVIĆ,21225
RADIJEVIĆI,31320
RADIKINA BARA,18110
RADINAC,11311
RADINOVAC,16230
RADINJINCI,18217
RADLJEVO,14212
RADMANOVO,37225
RADMILOVIĆ,34240
RADMIROVAC,18201
RADOBIĆ,14242
RADOBUĐA,31230
RADOINJA,31318
RADOJEVO,23221
RADONJICA,16203
RADOSINJ,18332
RADOŠEVAC,12223
RADOŠEVAC,18330
RADOŠEVO,31233
RADOŠEVO,31234
RADOŠIĆE,36350
RADOŠIN,35208
RADOVANJE,11320
RADOVAŠNICA,15235
RADOVCI,31210
RADOVNICA,17561
RADUHOVCE,36321
RADUJEVAC,19334
RADUNJE,37226
RADUŠA,14213
RADUŠA,31242
RADUŠA,36320
RAĐEVO SELO,14000
RAFUNA,16230
RAGODEŠ,18355
RAJAC,19314
RAJAC,32222
RAJČEVCE,17525
RAJČILOVCI,17540
RAJČINOVIĆE,36300
RAJČINOVIĆKA TRNAVA,36300
RAJETIĆE,36300
RAJINAC,37240
RAJINCE,17523
RAJKINAC,35218
RAJKOVAC,11400
RAJKOVAC,11406
RAJKOVAC,34312
RAJKOVIĆ,14202
RAJKOVIĆE,36305
RAJNO POLJE,16201
RAKARI,14243
RAKINAC,11325
RAKITA,18333
RAKITOVO,35219
RAKLJA,37230
RAKOV DOL,18332
RAKOVA,32212
RAKOVA BARA,12257
RAKOVAC,17520
RAKOVAC,21299
RAKOVAC,36314
RAKOVAC,36345
RAKOVICA,31313
RALJA (BEOGRAD),11233
RALJA (SMEDEREVO),11311
RALJIN,18332
RAM,12209
RAMAĆA,34205
RAMOŠEVO,36320
RANATOVCE,17523
RANILOVIĆ,34302
RANKOVA REKA,18407
RANOVAC,12304
RANUTOVAC,17501
RASNA,31210
RASNICA,18300
RASNO,31300
RASNO,36312
RASPOGANČE,36311
RAST,36305
RASTENOVIĆE,36313
RASTINA,25283
RASTIŠTE,31256
RASTOVNICA,18400
RAŠANAC,12315
RAŠČIĆI,32250
RAŠEVICA,35206
RAŠICA,18420
RAŠKA,36350
RAŠKOVIĆ,34240
RAŠKOVIĆE,36312
RATAJE,17521
RATAJSKA,31303
RATAJSKA,31304
RATARE,35256
RATARI,11411
RATARI,11509
RATINA,36212
RATKOVAC,14223
RATKOVIĆ,35260
RATKOVO,25253
RAUTOVO,18205
RAVANICA,36220
RAVNA,19345
RAVNA BANJA,16246
RAVNA DUBRAVA,18246
RAVNA GORA,16210
RAVNA GORA,32253
RAVNA REKA,17512
RAVNA REKA,35237
RAVNAJA,15312
RAVNI,31206
RAVNI,37223
RAVNI DEL,16204
RAVNI DEL,16210
RAVNI DO,18312
RAVNI ŠORT,18440
RAVNI TOPOLOVAC,23212
RAVNIŠTE,12240
RAVNIŠTE,37225
RAVNO BUČJE,17529
RAVNO BUČJE,19353
RAVNO SELO,21471
RAVNJE,14203
RAVNJE,22205
RAZBOJNA,37223
RAZGOJNA,16252
RAŽANA,31265
RAŽANJ,37215
RAŽDAGINJA,36310
RDOVO,17510
RĐAVICA,17512
REBELJ,14206
REČICA,12209
REČICA,16244
REČICA,18412
REČICA,19321
REČICE,31237
REČKA,19313
REKA,19323
REKA,36343
REKOVAC,35260
RELJAN,17523
RELJINAC,18404
RELJINCI,32314
REPINCE,17510
REPIŠTE,17514
REPUŠNICA,19350
RESAVICA,35237
RESAVICA (SELO),35215
RESEN,17540
RESINAC,18423
RESNIK (BABUŠNICA),18330
RESNIK (KRAGUJEVAC),34225
RESNIK (SOKOBANJA),18230
RETKOCER,16240
REŽEVIĆE,36320
RGAJE,18409
RGOŠTE,19362
RGOTINA,19214
RIBARCI,17540
RIBARE (JAGODINA),35220
RIBARE (KRUŠEVAC),37205
RIBARE (PETROVAC NA MLAVI),12318
RIBARE (PIROT),18360
RIBARI,15310
RIBARI,37227
RIBARICE,15311
RIBARIĆE,36309
RIBARSKA BANJA,37205
RIBAŠEVINA,31204
RIBNICA,36103
RIBNICE,17501
RIBNIK,35000
RIĐAGE,32102
RIĐAKE,15224
RIĐEVŠTICA,37242
RIĐICA,25280
RIKAČEVO,17546
RILJAC,37246
RIPANJ,11232
RISTOVAC,17521
RITIŠEVO,26332
RITOPEK,11307
RITOPEK,11309
RITOŠIĆI,31335
RIVICA,22406
RLICA,37203
ROANDA,35209
ROBAJE,14202
ROĆEVAC,35211
ROĆEVIĆI,36205
ROGAČA,11453
ROGAČA,32230
ROGAČICA,31255
ROGAVČINA,37238
ROGE,31237
ROGLJEVO,19318
ROGOJEVAC,34205
ROKCI,32255
ROKCI,37238
ROSICA,37205
ROSIĆI,31265
ROSOMAČ,18306
ROŠCI,32242
ROVINE,32256
ROVNI,14206
ROŽANCI,11461
ROŽANSTVO,31208
ROŽDACE,17507
ROŽINA,18252
RSAVCI,36216
RSOVAC,18223
RSOVCI,18306
RTANJ,19370
RTARI,32243
RTI,32230
RTKOVO,19329
RUBRIBREZA,14224
RUCKA,11260
RUČIĆI,32312
RUDA BUKVA,31263
RUDARE,16000
RUDARE,18430
RUDENICE,37230
RUDINE,31310
RUDINJE,18355
RUDNA GLAVA,19257
RUDNICA,36320
RUDNICA,36353
RUDNIK,32313
RUDNO,36222
RUDNJAK,36342
RUDOVCI,11566
RUĐA,36321
RUĐINCI,36217
RUJEVAC,15319
RUJEVICA,18230
RUJIŠNIK,37244
RUJIŠTE,19370
RUJIŠTE,37215
RUJKOVAC,16240
RUJNIK,18106
RUKLADA,14210
RUMA,22400
RUMENKA,21201
RUMSKA,15233
RUNJANI,15300
RUPELJEVO,31237
RUPLJE,16222
RUSCE,17524
RUSKI KRSTUR,25233
RUSKO SELO,23314
RUSNA,18417
RUŠANJ,11194
RUTEVAC,18224
RUTOŠI,31318
RUŽIĆ,17514
RVATI,11500
RVATI,36350
RŽANICA,37230
SAGONJEVO,18438
SAINOVINA,31244
SAJAN,23324
SAKAR,15318
SAKULE,26206
SALAKOVAC,12000
SALAKOVAC,12311
SALAŠ,19224
SALAŠ CRNOBARSKI,15358
SALAŠ NOĆAJSKI,22204
SAMAILA,36202
SAMARINOVAC,18413
SAMARINOVAC,19300
SAMARNICA,16210
SAMOKOVO,18430
SAMOLJICA,17522
SAMOŠ,26350
SANAD,23331
SANDALJ,14205
SANKOVIĆ,14242
SARANOVO,34215
SARAORCI,11315
SASTAV REKA,16213
SASTAVCI,31335
SAŠ,36320
SAVINAC,16205
SAVINAC,19377
SAVINO SELO,21467
SAVKOVIĆ,15323
SAVOVO,36343
SEBEČEVAC,37222
SEBEČEVO,36300
SEBEVRANJE,17545
SEBIMILJE,36350
SEBRAT,17524
SEČA REKA,31262
SEČANICA,18203
SEČANJ,23240
SEDLARE,35211
SEDLARI,14000
SEDOBRO,31300
SEFER,17523
SEFKERIN,26203
SEJACE,17524
SEKICOL,16230
SEKIRAČA,18408
SEKURIČ,35263
SELAČKA,19347
SELENAC,15319
SELENČA,21425
SELEUŠ,26351
SELEVAC,11407
SELIŠTE,12321
SELIŠTE,18400
SELIŠTE,18430
SELIŠTE,37245
SELOVA,18438
SELJANE,31303
SELJAŠNICA,31303
SEMČE,18245
SEMEDRAŽ,32300
SEMEGNJEVO,31315
SEMETEŠ,36350
SENA,12257
SENAJA,11433
SENAKOS,18324
SENIŠTA,31317
SENTA,24400
SENJE,35233
SENJSKI RUDNIK,35234
SEOCE,18437
SEONE,11300
SEPCI,34215
SESALAC,18232
SEVERNI KOČARNIK,36320
SEVEROVO,31233
SEVOJNO,31103
SEVOJNO,31205
SEZEMČE,37206
SIBAČ,22440
SIBNICA,11453
SIBNICA,12370
SIBNICA,18420
SIBNICA,35265
SIBNICA,36207
SIĆEVO,18311
SIGE,12316
SIGET,23332
SIJARINA,16246
SIJARINSKA BANJA,16246
SIJERAČ,31255
SIKIRICA,35256
SIKIRJE,17507
SIKOLE,19225
SILBAŠ,21433
SILJEVICA,35260
SIMIĆEVO,12374
SIMINO BRDO,15311
SINOŠEVIĆ,15233
SINOŠEVIĆI,32304
SINJA GLAVA,18300
SINJAC,18310
SINJI VIR,35248
SIOKOVAC,35203
SIPIĆ,34213
SIRAKOVO,12221
SIRČA,36208
SIRDIJA,14253
SIRIG,21214
SIROGOJNO,31207
SISEVAC,35234
SITARICE,14255
SITNIČE,36300
SIVAC,25223
SIVČINA,32258
SJENICA,36310
SJEVERIN,31333
SKADAR,14207
SKAKAVCI,31265
SKELA,11509
SKOBALJ,11322
SKOBALJ,14226
SKOKUĆE,31303
SKORENOVAC,26228
SKORICA,37213
SKRADNIK,36310
SKRAĐANI,15352
SKRAPEŽ,16210
SKRIVENICA,18320
SKROBNICA,19367
SKRŽUTI,31206
SKUKOVO,36305
SKUPLJEN,15225
SLADAJA,35215
SLADINAC,12223
SLANCI,11060
SLANCI,11215
SLANKAMENAČKI VINOGR,22325
SLATINA (BEOGRAD),11453
SLATINA (BOR),19221
SLATINA (ČAČAK),32224
SLATINA (JAGODINA),35273
SLATINA (KNJAŽEVAC),19368
SLATINA (KRUŠEVAC),37206
SLATINA (LESKOVAC),16221
SLATINA (LOZNICA),15309
SLATINA (NEGOTIN),19305
SLATINA (NOVI PAZAR),36300
SLATINA (PRIJEPOLJE),31305
SLATINA (ŠABAC),15232
SLATINA (UB),14213
SLAVINJA,18324
SLAVKOVICA,14245
SLAVNIK,16244
SLAVUJEVAC,17523
SLAVUJEVCE,16204
SLEPČEVIĆ,15354
SLIŠANE,16233
SLIVJE,18201
SLIVNICA,17554
SLIVNICA,18325
SLOVAC,14223
SMEDEREVO,11300
SMEDEREVO,11311
SMEDEREVSKA PALANKA,11420
SMEDOVAC,19318
SMILOV LAZ,36300
SMILOVAC,37213
SMILOVCI,18323
SMILJEVAC,32256
SMILJEVIĆ,17507
SMOLUĆA,36321
SMOLJINAC,12312
SMRDAN,16252
SMRDAN,18423
SMRDIĆ,18413
SNEGOTIN,12223
SOČICA,26300
SOČICE,31335
SODERCE,17501
SOKOBANJA,18230
SOKOLAC,15319
SOKOLIĆI,32212
SOKOLOVO,11563
SOLAČKA SENA,17510
SOLOTUŠA,31250
SOMBOR,25000
SOMBOR,25101
SOMBOR,25221
SONTA,25264
SOPOĆANI,36300
SOPOT,11450
SOPOT,18355
SOPOTNICA,18242
SOPOTNICA,31300
SOPOTNICA,31305
SOT,22243
SOVAČ,14206
SOVLJAK,14210
SOVLJAK,15355
SPANCE,18426
SPANČEVAC,17524
SPONCE,16240
SRBOBRAN,21480
SRBOVO,19300
SREĆKOVAC,18322
SREDNJA DOBRINJA,31214
SREDNJA REKA,32259
SREDNJA TUŠIMLJA,36300
SREDNJEVO,12253
SREDNJI BUČUMET,16240
SREDNJI DEL,17508
SREDNJI SALAŠ,24330
SREDNJI STATOVAC,18407
SREDOR,16210
SREMČICA,11253
SREMČICA,11460
SREMSKA KAMENICA,21208
SREMSKA MITROVICA,22000
SREMSKA RAČA,22247
SREMSKI KARLOVCI,21205
SREMSKI MIHALJEVCI,22413
SREZOJEVCI,32307
SREZOVAC,18216
SRNDALJE,37205
SRNJE,37252
SRPCE,12258
SRPSKA CRNJA,23220
SRPSKA KUĆA,17520
SRPSKI ITEBEJ,23233
SRPSKI KRSTUR,23334
SRPSKI MILETIĆ,25244
STAJIĆEVO,23204
STAJKOVCE,16210
STAJKOVCE,17530
STALAĆ,37212
STAMNICA,12300
STANCE,17507
STANCI,18225
STANCI,37000
STANČA,36205
STANČIĆI,32210
STANEVCE,17523
STANIČENJE,18304
STANINA REKA,14255
STANIŠIĆ,25284
STANIŠINCI,36210
STANOVO,34113
STANOVO,34216
STANOVO,34218
STANULOVIĆI,37226
STANJEVO,37230
STANJINAC,19353
STAPAR,14252
STAPAR,25240
STAPARI,31102
STARA BANJA,16246
STARA BINGULA,22232
STARA BOŽURNA,18412
STARA BREZOVICA,17508
STARA MORAVICA,24340
STARA PAZOVA,22300
STARAC,17524
STARCI,37230
STARČEVIĆE,36309
STARČEVO,12315
STARČEVO,26232
STARI BANOVCI,22303
STARI BRAČIN,37216
STARI ĐUROVAC,18407
STARI GLOG,17554
STARI KOSTOLAC,12208
STARI LEC,26371
STARI SLANKAMEN,22323
STARI SLANKAMEN,22329
STARI TRSTENIK,37242
STARI ŽEDNIK,24224
STARO KORITO,19350
STARO LANIŠTE,35271
STARO MOMČILOVO,18406
STARO SELO,11320
STARO SELO,11324
STARO SELO,18407
STARO SELO,35273
STAVE,14255
STAVE,15313
STEJANOVCI,22405
STENJEVAC,35215
STEPANOVIĆEVO,21212
STEPANJE,14223
STEPOJEVAC,11564
STERIJINO,24430
STOGAZOVAC,19350
STOJAČAK,11420
STOJIĆI,31265
STOJNIK,11233
STOJNIK,34307
STOL,18330
STOPANJA,37242
STRADOVO,36305
STRAGARI,34323
STRAGARI,37245
STRAJINIĆE,36310
STRANJEVO,16212
STRAŽA,15307
STRAŽA,26345
STRELAC,18332
STREŠAK,17507
STREZIMIROVCI,17535
STREZOVCE,17523
STRIŽA,35250
STRIŽILO,35269
STRMAC,31242
STRMAC,31333
STRMENICA,37238
STRMNA GORA,14205
STRMOSTEN,35215
STRMOVO,11565
STRMOVO,14223
STRMOVO,31258
STROJINCI,37223
STROJKOVCE,16203
STROPSKO,17501
STRUGANICA,17501
STRUGANIK,14244
STRUMCE,36309
STUBAL,17512
STUBAL,18420
STUBAL,19347
STUBAL,36220
STUBAL,37230
STUBICA,11550
STUBICA,35246
STUBLA,16206
STUBLA,16240
STUBLENICA,14210
STUBLICA,37240
STUBLINA,18228
STUBLINE,11507
STUBLO,31315
STUBO,14206
STUDENA,17507
STUDENA,18332
STUDENAC,18412
STUDENICA,36222
STUDENICA,36343
STUP,36311
STUPČEVIĆI,31236
STUPNICA,15311
STUPNICA,16201
SUBJEL,31260
SUBOTICA,24000
SUBOTICA,24101
SUBOTICA,24105
SUBOTICA,24106
SUBOTICA,24107
SUBOTICA,24108
SUBOTICA,24109
SUBOTICA,24110
SUBOTICA,24116
SUBOTICA,24118
SUBOTICA,24206
SUBOTICA (ALEKSANDROVAC),37235
SUBOTICA (SVILAJNAC),35209
SUBOTICA SELO (KOCELJEVA),15220
SUBOTINAC,18227
SUBOTIŠTE,22414
SUDIMLJA,37226
SUDSKO SELO,36305
SUGUBINE,36310
SUHARNO,17529
SUHI DOL,17535
SUKOVO,18322
SUMOROVAC,34244
SUMRAKOVAC,19376
SUPNJE,36350
SUPOVAC,18202
SUPSKA,35228
SURAČEVO,18330
SURČIN,11077
SURČIN,11271
SURDUK,22307
SURDUL,17508
SURDULICA,17530
SURDULICA,17532
SURLICA,17526
SUSEK,21313
SUŠEVLJE,16222
SUŠICA,14205
SUŠICA,36312
SUŠICA,37204
SUTJESKA,23244
SUVA MORAVA,17510
SUVAJA,18425
SUVAJA,37222
SUVAJA,37265
SUVI DO (BLACE),18420
SUVI DO (BLACE),18425
SUVI DO (NIŠ),18110
SUVI DO (NOVI PAZAR),36320
SUVI DO (ŽAGUBICA),12320
SUVI DOL,17501
SUVO SELO,15214
SUVODANJE,14255
SUVODOL,11431
SUVOJNICA,17530
SVEŠTICA,32250
SVETA PETKA,17524
SVETIĆEVO,24313
SVETLIĆ,34324
SVETOZAR MILETIĆ,25211
SVILAJNAC,35210
SVILEUVA,15221
SVILOJEVO,25265
SVILOŠ,21313
SVINJAREVO,12370
SVINJARICA,16230
SVINJIŠTE,17523
SVINJIŠTE,18408
SVIRCE,16231
SVIRCE,16246
SVOĐE,16212
SVOJNOVO,35259
SVRAČKOVCI,32300
SVRAČKOVO,31237
SVRLJIG,18360
SVRLJIŠKA TOPLA,19366
ŠABAC,15000
ŠAINOVAC,16203
ŠAJINCE,17525
ŠAJINOVAC,18410
ŠAJKAŠ,21244
ŠALINAC,11300
ŠALUDOVAC,35254
ŠANAC,37252
ŠANTAROVAC,35273
ŠAPINE,12312
ŠAPRANCE,17525
ŠARANI,32304
ŠARBANE,14212
ŠARBANOVAC,18235
ŠARBANOVAC,19345
ŠARBANOVAC,19373
ŠARBANOVAC,19379
ŠARCE,16230
ŠARE,36312
ŠARENIK,32253
ŠARKAMEN,19303
ŠARLINCE,16253
ŠARLINCE,18410
ŠARONJE,36305
ŠARONJE,36320
ŠAŠILOVAC,37257
ŠAŠINCI,22425
ŠATRA,18435
ŠATRINCI,22328
ŠAVAC,35250
ŠAVCI,36300
ŠAVRANE,37222
ŠEBET,18245
ŠEPŠIN,11433
ŠESTI GABAR,19353
ŠETKA,37213
ŠETONJE,12309
ŠEVARICE,15212
ŠEVICA,12240
ŠEVIŠ,18407
ŠEVRLJUGE,31260
ŠID,22240
ŠILOPAJ,32312
ŠILOVO,16230
ŠILJAKOVAC,11462
ŠILJOMANA,18420
ŠIMANOVCI,22310
ŠIPAČINA,36353
ŠIPČE,36320
ŠIPIKOVO,19209
ŠIROKA PLANINA,17525
ŠIROKE NJIVE,18409
ŠIŠATOVAC,22207
ŠIŠAVA,16210
ŠIŠINCE,16000
ŠIŠMANOVAC,18424
ŠLJIVAR,19000
ŠLJIVICA,35264
ŠLJIVOVA,15314
ŠLJIVOVAC,12372
ŠLJIVOVAC,34219
ŠLJIVOVICA,31244
ŠLJIVOVIK,18310
ŠLJIVOVIK,18360
ŠLJIVOVO,37239
ŠOGOLJ,37222
ŠOPIĆ,11550
ŠOŠIĆE,37220
ŠPAJ,18313
ŠPILJANI,36320
ŠTAVA,18437
ŠTAVALJ,36311
ŠTAVICA,14240
ŠTIPINA,19350
ŠTITAR,15354
ŠTITARAC,19350
ŠTITARE,36314
ŠTITARE,37222
ŠTITKOVO,31322
ŠTRBAC,19352
ŠTRBOVAC,18217
ŠTUBIK,19303
ŠTULAC,16230
ŠTULAC,36217
ŠUGRIN,18355
ŠULJAM,22213
ŠULJKOVAC,35272
ŠUMAN TOPLA,19368
ŠUMANE,16230
ŠUMARAK,26223
ŠUMARICE,36208
ŠUMATA TRNICA,17525
ŠUME,34313
ŠUPLJAK,24418
ŠURICE,15311
ŠURIĆ,18221
ŠURJAN,23254
ŠUŠARA,26343
ŠUŠEOKA,14222
ŠUŠNJAR,11550
ŠUŠURE,36310
ŠUTCI,14246
ŠUVAJIĆ,12253
TABAKOVAC,19313
TABANOVAC,12307
TABANOVIĆ,14242
TABANOVIĆ,15211
TABANOVIĆI,31215
TAČEVAC,18435
TADENJE,36342
TAKOVO,14210
TAKOVO,32304
TAMNIČ,19315
TAMNJANICA,18314
TANDA,19234
TARAŠ,23209
TASKOVIĆI,18240
TAŠEVO,31300
TATRAŠNICA,19353
TAVNIK,36204
TEČIĆ,35260
TEFERIČ,34217
TEGOŠNICA,16212
TEGOVIŠTE,17514
TEKERIŠ,15234
TEKIJA,19325
TEKIJA,37201
TELEČKA,25222
TELOVAC,18310
TEMERIN,21235
TEMSKA,18355
TENKOVO,36305
TEOČIN,32307
TEPEČE,36342
TESOVIŠTE,17501
TEŠICA,18212
TIBUŽDE,17501
TIĆEVAC,12370
TIJANJE,32230
TIJOVAC,18368
TIJOVAC,18430
TIODŽE,36353
TISOVICA,31322
TITEL,21240
TMAVA,18426
TOBA,23222
TOBOLAC,37242
TOČILOVO,36307
TODORIN DO,14243
TODOROVCE,16204
TOGOČEVCE,16232
TOLIĆ,14242
TOLISAVAC,15313
TOLIŠNICA,36341
TOLJEVAC,37258
TOMANJ,15314
TOMAŠEVAC,23262
TOMETINO POLJE,31213
TOMISLAVCI,24344
TOPILO,18202
TOPLAC,17501
TOPLI DO,17530
TOPLI DO,18355
TOPLI DOL,17537
TOPOLA,34310
TOPOLA (JAGODINA),35262
TOPOLA (SELO),34310
TOPOLNICA,19222
TOPOLOVNIK,12226
TOPONICA,12311
TOPONICA,18313
TOPONICA,18412
TOPONICA,34243
TORDA,23214
TORNIK,15323
TORNJOŠ,24352
TOTOVO SELO,24207
TOTOVO SELO,24427
TOVARIŠEVO,21424
TOVRLJANE,18409
TRBOSILJE,15234
TRBUNJE,18420
TRBUŠAC,15213
TRBUŠANI,32205
TRBUŠNICA,11566
TRBUŠNICA,15300
TREBINJE,18437
TREBOTIN,37233
TREĆAK,18436
TREJAK,17524
TREŠNJEVAC,24426
TREŠNJEVAK,34202
TREŠNJEVICA,31236
TREŠNJEVICA,35248
TREŠNJEVICA,36315
TRGOVIŠTE,17525
TRGOVIŠTE,18236
TRGOVIŠTE,19350
TRGOVIŠTE,36208
TRIBRODE,12222
TRIJEBINE,36310
TRIPKOVA,31312
TRLIĆ,14210
TRMBAS,34217
TRMČARE,37206
TRMKA,18435
TRN,18408
TRNAVA,17523
TRNAVA,31204
TRNAVA,31207
TRNAVA,32104
TRNAVA,35000
TRNAVA,36300
TRNAVA,36350
TRNAVAC,19312
TRNAVCI,37235
TRNOVAC,19340
TRNOVČE,11318
TRNOVČE,12315
TRNOVI LAZ,18409
TRNSKI ODOROVCI,18326
TRNJACI,14210
TRNJANA,18307
TRNJANE,12206
TRNJANE,18213
TRNJANE,19306
TROPONJE,35211
TROSKAČ,17530
TRPEZA,18408
TRSKA,34210
TRSTENA,17507
TRSTENICA,11507
TRSTENIK,37240
TRŠANOVCI,37220
TRŠIĆ,15300
TRUBAREVAC,18230
TRUBAREVO,37202
TRUĆEVAC,35213
TRUDELJ,32314
TRUDELJ,32316
TRUDOVO,31319
TRUPALE,18211
TRŽAC,37230
TUBIĆI,31260
TUBRAVIĆ,14206
TUČKOVO,31215
TUĐIN,14253
TULARE,16247
TULARE,18424
TULARI,14214
TULEŠ,37230
TULEŽ,34306
TULOVO,16221
TUMBA,17507
TUNOVO,36305
TUPALE,16240
TUPALOVCE,16220
TUPANCI,14255
TUREKOVAC,16231
TURICA,32230
TURIJA,12257
TURIJA,17520
TURIJA,21215
TURJANE,16233
TUTIĆE,36315
TUTIN,36320
TUZINJE,36313
TVRDIĆI,31210
TVRDOJEVAC,14210
UB,14210
UDOVICE,11300
UGAO,36313
UGLJAREVAC,34323
UGLJAREVO,37240
UGRINOVCI,11272
UGRINOVCI,11277
UGRINOVCI,32314
ULJMA,26330
UMČARI,11430
UMKA,11260
URMANICA,17507
UROVCI,11500
UROVICA,19305
URSULE,35260
URSULE,36310
URVIČ,17510
USIJE,12223
UŠAK,36310
UŠĆE,36342
UŠĆE (OBRENOVAC),11509
UŠEVCE,17507
UTRINE,24437
UVAC,36310
UZDIN,26216
UZIĆI,31210
UZOVNICA,15319
UZOVO,17524
UZVEĆE,15356
UŽICE,31000
UŽICE,31102
UŽICE,31103
UŽICE,31104
UŽICE,31106
UŽICE,31107
UŽICE,31108
VAJSKA,21426
VAJUGA,19328
VAKUP,18220
VALAKONJE,19370
VALEVAC,19350
VALNIŠ,18332
VALJEVO,14000
VALJEVO,14104
VALJEVO,14106
VAPA,32223
VAPA,36310
VARDA,31263
VAREVO,36300
VAREVO,36350
VARNA,15232
VARNICE,32314
VAROŠ,18363
VAROŠ,37215
VARVARIN,37260
VARVARIN (SELO),37260
VASILJ,19367
VASILJEVAC,18445
VASILJEVIĆI,32256
VAŠICA,22241
VATIN,26337
VAVA,18330
VELE POLJE,18202
VELEBIT,24428
VELEREČ,32300
VELESNICA,19328
VELIKA BILJANICA,16201
VELIKA BRAINA,16247
VELIKA BRESNICA,12254
VELIKA DRENOVA,37245
VELIKA GRABOVNICA,16221
VELIKA GRABOVNICA,37227
VELIKA GREDA,26366
VELIKA IVANČA,11414
VELIKA IVANČA,11415
VELIKA JASIKOVA,19235
VELIKA JEŽEVICA,31213
VELIKA KAMENICA,19328
VELIKA KOPAŠNICA,16221
VELIKA KRSNA,11408
VELIKA KRUŠEVICA,35260
VELIKA KRUŠEVICA,37252
VELIKA LOMNICA,37209
VELIKA MARIŠTA,14242
VELIKA MOŠTANICA,11262
VELIKA PLANA,11320
VELIKA PLANA (PROKUPLJE),18403
VELIKA REKA,15322
VELIKA REMETA,22328
VELIKA SEJANICA,16220
VELIKA SUGUBINA,34206
VELIKA VRBICA,19329
VELIKA VRBNICA,37233
VELIKE PČELICE,34206
VELIKI BORAK,11462
VELIKI CRLJENI,11563
VELIKI DRENOVAC,18212
VELIKI GAJ,26365
VELIKI IZVOR,19206
VELIKI JASENOVAC,19209
VELIKI JOVANOVAC,18307
VELIKI KRČIMIR,18246
VELIKI KUPCI,37222
VELIKI POPOVAC,12315
VELIKI POPOVIĆ,35223
VELIKI RADINCI,22211
VELIKI SUVODOL,18300
VELIKI ŠENJ,34322
VELIKI ŠILJEGOVAC,37204
VELIKI TRNOVAC,17528
VELIKI VRTOP,18245
VELIKO BONJINCE,18215
VELIKO CRNIĆE,12311
VELIKO GOLOVODE,37000
VELIKO GRADIŠTE,12220
VELIKO KRČMARE,34212
VELIKO KRUŠINCE,37204
VELIKO LAOLE,12306
VELIKO ORAŠJE,11323
VELIKO POLJE,11507
VELIKO PUPAVCE,18433
VELIKO SELO,11215
VELIKO SELO,12311
VELIKO SELO,15311
VELIKO SELO,18307
VELIKO SREDIŠTE,26334
VELIKO TRNJANE,16000
VELIKO VOJLOVCE,16232
VELIŠEVAC,14240
VELUĆE,37242
VELJA GLAVA,37230
VELJE POLJE,36320
VELJKOVO,19318
VENČAC,37230
VENČANE,34306
VERZAR,18320
VESELINOVAC,14222
VESENIĆE,36309
VESKOVIĆE,36311
VETA,18313
VETERNIK,21203
VEVER,36300
VEZIČEVO,12309
VIČA,18424
VIČA,32233
VIDOVA,32205
VIDOVAC,19350
VIDOVAČA,18400
VIDOVO,36300
VIDROVAC,19300
VIGOŠTE,31230
VILANDRICA,18241
VILOVI,31320
VILOVO,21246
VILJUŠA,32223
VINA,16204
VINA,19368
VINARCE,16000
VINCI,12223
VINČA,11309
VINČA,11351
VINČA,34314
VINICKA,31303
VINICKA,31304
VINORAČA,35000
VINJIŠTE,34202
VIONICA,32254
VIRINE,35230
VIROVAC,14223
VIROVO,31230
VISIBABA,31210
VISOČKA,36315
VISOČKA RŽANA,18306
VISOČKI ODOROVCI,18323
VISOKA,18430
VISOKA,31233
VISOKA,31234
VIŠE SELO,18426
VIŠESAVA,31250
VIŠEVAC,34210
VIŠEVCE,17508
VIŠNJEVA,36315
VIŠNJEVAC,24222
VIŠNJICE,36311
VIŠNJIĆEVO,22246
VITANCE,35213
VITANOVAC,18310
VITANOVAC,36206
VITANOVAC,36208
VITANOVAC,37222
VITASI,31242
VITEŽEVO,12375
VITKOVAC,18216
VITKOVAC,19340
VITKOVAC,36207
VITKOVIĆE,36306
VITKOVO,37230
VITOJEVCI,22420
VITOŠE,37226
VITOŠEVAC,37213
VITOVNICA,12300
VIZIĆ,21314
VLADIČIN HAN,17510
VLADIČIN HAN,17514
VLADIMIRCI,15225
VLADIMIROVAC,26315
VLADOVCE,17525
VLAHINJA,18438
VLAHOVO,18208
VLAHOVO,18412
VLAJKOVAC,26332
VLAJKOVCI,37220
VLAKČA,34323
VLAOLE,19256
VLASE,16231
VLASE,17507
VLASENICA,15214
VLASI,18322
VLASINA OKRUGLICA,17532
VLASINA RID,17532
VLASINA STOJKOVIĆEVA,17532
VLASOTINCE,16210
VLASOVO,18433
VLASTELJICE,32234
VLAŠČIĆ,14252
VLAŠKA,11406
VLAŠKA,35227
VLAŠKI DO,11423
VLAŠKI DO,12370
VLAŠKO POLJE,19369
VLKOVIJA,18324
VOĆNJAK,15300
VODANJ,11328
VODICE,11420
VODICE,18400
VODNA,35215
VOGANCE,17524
VOGANJ,22429
VOJILOVO,12223
VOJINOVAC,34212
VOJKA,22313
VOJKOVCI,34318
VOJKOVIĆE,36306
VOJMILOVIĆI,36345
VOJNEGOVAC,18322
VOJNICI,18330
VOJNIĆE,36300
VOJNIK,35213
VOJSKA,35208
VOJVODA STEPA,23219
VOJVODINCI,26338
VOLUJA,12256
VOLUJAC,15233
VOLUJAC,31102
VOLJAVČE,35000
VOLJČINCE,18412
VOLJEVCI,15322
VOŠANOVAC,12308
VRAČEV GAJ,26348
VRAČEVIĆ,14225
VRAĆEVŠNICA,32315
VRAGOČANICA,14255
VRANDOL,18313
VRANE,31230
VRANEŠA,31318
VRANEŠI,36215
VRANIĆ,11427
VRANIĆI,32205
VRANIŠTE,18304
VRANOVAC,35000
VRANOVINA,36305
VRANOVO,11329
VRANŠTICA,37238
VRANJANI,31210
VRANJE,17501
VRANJE,17507
VRANJE,17508
VRANJE,17543
VRANJSKA BANJA,17501
VRANJSKA BANJA,17542
VRANJSKA BANJA,17554
VRAPCE,16240
VRAPCI,36312
VRAPČA,18320
VRAPČE,36309
VRATARE,37257
VRATARNICA,19344
VRATNA,19304
VRAŽOGRNAC,19312
VRAŽOGRNCI,37235
VRBA,35273
VRBA,36214
VRBA,36320
VRBAN,17520
VRBAS,21460
VRBETA,34232
VRBICA,19347
VRBICA,23329
VRBICA,34300
VRBIĆ,15313
VRBNICA,12311
VRBNICA,36315
VRBNICA,37230
VRBOVAC,11312
VRBOVAC,18230
VRBOVAC,18420
VRBOVAC,19370
VRBOVNO,11564
VRBOVO,17512
VRBOVO,31306
VRČIN,11224
VRĆENOVICA,18221
VRDILA,36000
VRDNIK,22408
VRELO,14214
VRELO,18202
VRELO,18207
VRELO,18217
VRELO,18232
VRELO,18306
VRELO,18435
VREOCI,11560
VRGUDINAC,18310
VRH,36343
VRHOVINE,14210
VRHPOLJE,15324
VRLANE,35210
VRMBAJE,32254
VRMDŽA,18236
VRNČANI,32242
VRNČANI,32312
VRNJAČKA BANJA,36210
VRNJAČKA BANJA,36217
VRNJCI,36217
VRSJENICE,36310
VRŠAC,26300
VRŠAČKI RITOVI,26364
VRŠEVAC,18430
VRŠEVAC,18432
VRTIGLAV,14242
VRTINE,36350
VRTIŠTE,18211
VRTOGOŠ,17521
VRTOVAC,19353
VRUTCI,31241
VUČADELCE,17530
VUČAK,11300
VUČAK,32256
VUČAK,37208
VUČEVICA,15224
VUČI DEL,18333
VUČIĆ,34210
VUČINIĆE,36300
VUČJA LOKVA,36300
VUČJE,16203
VUČKOVICA,32235
VUČKOVICA,34240
VUJANOVO,16233
VUJETINCI,32210
VUJINOVAČA,14206
VUKANJA,18214
VUKAŠINOVAC,18224
VUKIĆEVICA,11508
VUKMANOVAC,35274
VUKMANOVO,18106
VUKOJEVAC,18435
VUKONA,14214
VUKOSAVCI,34309
VUKOŠIĆ,15224
VUKOVAC,12318
VUKOVIĆ,12258
VUKUŠICA,36215
VUS,16215
ZABELA,12000
ZABLAĆE,15232
ZABLAĆE,32223
ZABOJNICA,34244
ZABRDICA,14201
ZABRDNJI TOCI,31306
ZABRĐE,12300
ZABRĐE,31333
ZABRĐE,36300
ZABRĐE,36312
ZABREGA,12312
ZABREGA,35254
ZABREŽJE,11500
ZABRNJICA,31335
ZAGAJICA,26344
ZAGLAVAK,31253
ZAGORICA,34312
ZAGRADINA,31335
ZAGRAĐE,18408
ZAGRAĐE,19344
ZAGRAĐE,32314
ZAGUŽANE,16221
ZAGUŽANJE,17530
ZAHUMSKO,36315
ZAJAČA,15315
ZAJEČAR,19000
ZAJEČIĆE,36310
ZAKLOPAČA,11306
ZAKLOPAČA,36214
ZAKUTA,36207
ZALOGOVAC,37257
ZALUG,31300
ZALUŽNJE,16000
ZAMČANJE,36341
ZAOSTRO,31335
ZAOVINE,31251
ZAPADNI MOJSTIR,36320
ZAPLANJSKA TOPONICA,18244
ZARBINCE,17529
ZAREVO,36346
ZAROŽJE,31255
ZARUBE,14203
ZASAD,36343
ZASAVICA I,22201
ZASAVICA II,22201
ZASELJE,31213
ZASKOVCI,18355
ZASTUP,31305
ZATONJE,12226
ZAUGLINE,31256
ZAVIDINCE,18215
ZAVINOGRAĐE,31305
ZAVLAKA,15312
ZBOJŠTICA,31311
ZDRAVČIĆI,31210
ZDRAVINJE,18403
ZDRAVINJE,37203
ZEBICA,18440
ZEBICA,37204
ZEBINCE,17510
ZELENIK,12258
ZELETOVO,16205
ZEOKE,11565
ZEOKE,32230
ZIMONIĆ,24420
ZLADOVAC,18406
ZLADOVCE,17525
ZLAKUSA,31205
ZLATA,18407
ZLATANCE,16215
ZLATARE,36300
ZLATARI,37223
ZLATARIĆ,14255
ZLATIBOR,31315
ZLATICA,23255
ZLATIĆEVO,16212
ZLATOKOP,17501
ZLATOVO,35212
ZLI DOL,17540
ZLOĆUDOVO,16000
ZLODOL,31253
ZLOKUĆANE,16254
ZLOKUĆANE,18253
ZLOT,19215
ZMAJEVO,21213
ZMINJAK,15352
ZOBNATICA,24300
ZOLJEVO,16221
ZOROVAC,16205
ZORUNOVAC,19368
ZRENJANIN,23000
ZRENJANIN,23101
ZUBETINAC,19369
ZUBOVAC,37205
ZUCE,11225
ZUKVE,15220
ZVEČKA,11500
ZVEZD,15215
ZVEZDAN,19227
ZVIJEZD,31303
ZVIZDAR,14210
ZVONAČKA BANJA,18333
ZVONCE,18333
ŽABALJ,21230
ŽABAR,15224
ŽABARE,34310
ŽABARE,37233
ŽABARI,12374
ŽABARI,14203
ŽABLJANE,16203
ŽABREN,36312
ŽAGUBICA,12320
ŽALICA,18436
ŽAOČANI,32224
ŽAREVO,37224
ŽARKOVAC,22404
ŽBEVAC,17521
ŽDEGLOVO,16232
ŽDRALJICA,34208
ŽDRELO,12309
ŽEGROVA,18430
ŽELJEVO,18360
ŽELJINE,31207
ŽELJUŠA,18325
ŽERAĐE,36344
ŽERAVINO,17546
ŽIČA,36221
ŽIDILJE,35237
ŽILINCI,37223
ŽILJCI,37220
ŽIRČE,36321
ŽIROVNICA,34229
ŽITIŠTE,23210
ŽITKOVAC,18210
ŽITKOVICA,12223
ŽITNI POTOK,18407
ŽITNIĆE,36312
ŽITORAĐA,18412
ŽITORAĐE,17510
ŽIVICA,12000
ŽIVICA,32232
ŽIVINICE,31333
ŽIVKOVAC,11430
ŽIVKOVCI,14246
ŽIVKOVO,16251
ŽIŽAVICA,16211
ŽLNE,19350
ŽUČ,18438
ŽUČE,36309
ŽUČKOVAC,18234
ŽUJINCE,17523
ŽUKOVAC,19350
ŽUNJE,34240
ŽUNJE,37223
ŽUNJEVIĆE,36306
ŽUPA,36320